Task,treatment,rho_ha_est,rho_ha_min,rho_ha_max,rho_hh_est,rho_hh_min,rho_hh_max,phi_0_est,phi_0_min,phi_0_max,alpha_est,alpha_min,alpha_max
1,baseline,0.593973287,0.515832464,0.664988749,0.550826372,0.474447064,0.60107407,0.816319191,0.701702474,0.902693596,0.662361264,0.554550049,0.818939314
2,baseline,0.594390023,0.511894289,0.663959977,0.550528073,0.501641209,0.616072403,0.814640758,0.694116839,0.90335481,0.665162739,0.552565022,0.829686555
3,baseline,0.595039282,0.517543156,0.666392694,0.550921373,0.490191427,0.600920936,0.815241814,0.69250224,0.904437284,0.66273733,0.549388635,0.824400789
4,baseline,0.594390308,0.513764877,0.664490878,0.55081885,0.47697662,0.640924279,0.815767181,0.69667532,0.905687333,0.661360663,0.549374629,0.817028116
5,baseline,0.594611391,0.51445169,0.666426788,0.550819199,0.468083174,0.621066558,0.815496666,0.697962311,0.904730291,0.662667542,0.549254307,0.815014856
6,baseline,0.595104261,0.515056045,0.667223202,0.550588881,0.501187129,0.621231528,0.815317681,0.700493099,0.903913275,0.662919242,0.552089278,0.815801747
7,baseline,0.593957238,0.511021816,0.66578759,0.55084223,0.480991788,0.606986242,0.815276081,0.700317796,0.90450573,0.662974295,0.551374537,0.818682294
8,baseline,0.594078585,0.514183551,0.666059909,0.550545439,0.4800652,0.627863215,0.81426709,0.692489515,0.901668901,0.661691363,0.552894683,0.819676408
9,baseline,0.593871931,0.511626874,0.662998179,0.550667384,0.473587247,0.597853807,0.814495846,0.697546493,0.902576697,0.663426914,0.555031458,0.822744304
10,baseline,0.594921839,0.512559886,0.668594599,0.550948449,0.480565363,0.604218764,0.815904774,0.697655263,0.900714942,0.66336546,0.550772615,0.821802949
11,baseline,0.59358157,0.513409738,0.66583834,0.550420965,0.497053591,0.615485327,0.813397919,0.693478368,0.901704672,0.662636415,0.552231537,0.822839787
12,baseline,0.595664886,0.513427354,0.667802021,0.551754511,0.488441996,0.606554378,0.81541373,0.700197999,0.90195948,0.663637473,0.553308805,0.819003565
13,baseline,0.595164291,0.51192673,0.669775699,0.550948419,0.48983354,0.608498555,0.81499205,0.697555398,0.903385235,0.663896817,0.554055711,0.820858833
14,baseline,0.594298647,0.510158928,0.667065981,0.550963274,0.500350549,0.606366912,0.814924694,0.698543236,0.904579802,0.660579426,0.550963389,0.811603207
15,baseline,0.594930455,0.514199143,0.66661584,0.550804177,0.487730801,0.61705352,0.815856503,0.69681999,0.906031498,0.662523979,0.549477893,0.817952938
16,baseline,0.594771188,0.513662521,0.668053923,0.551242677,0.474039209,0.60654129,0.815918299,0.700905312,0.902217457,0.662433481,0.552059183,0.819797381
17,baseline,0.594882857,0.512077308,0.668682798,0.550793676,0.500702552,0.601695355,0.815519385,0.701664028,0.904988903,0.663758046,0.553298512,0.818951366
18,baseline,0.594880228,0.516679563,0.665554473,0.551592519,0.470557027,0.612467487,0.814634275,0.693800875,0.906063631,0.663190194,0.549149761,0.819417036
19,baseline,0.594745698,0.512255674,0.665797725,0.550460087,0.478554572,0.601703433,0.816437828,0.700936865,0.905876058,0.665702379,0.554901288,0.820566511
20,baseline,0.595618638,0.514457516,0.668194895,0.550029336,0.491087644,0.599527918,0.816569357,0.701268463,0.906814749,0.665255188,0.554461954,0.82231318
21,baseline,0.597208888,0.517514465,0.669133068,0.549265632,0.486872602,0.6055468,0.817852615,0.692267506,0.908143851,0.665621745,0.552569249,0.826941395
22,baseline,0.596791314,0.515251529,0.669673864,0.551340614,0.462621446,0.603096469,0.815535562,0.695370116,0.907200092,0.663505105,0.552667004,0.819820004
23,baseline,0.595151665,0.512272003,0.668402725,0.551706749,0.473555829,0.602291131,0.81610297,0.696597396,0.904258141,0.665611352,0.553978806,0.826707973
24,baseline,0.592005479,0.511430277,0.664631278,0.549741648,0.457861024,0.613370137,0.815364287,0.701024527,0.9052863,0.661737867,0.554088413,0.823644883
25,baseline,0.59302355,0.512360318,0.668640886,0.551204707,0.476881769,0.602368504,0.815067255,0.693056789,0.903272719,0.657284681,0.552195458,0.821529546
26,baseline,0.594001286,0.512947274,0.667478177,0.550758848,0.484965841,0.615610197,0.814834087,0.696080326,0.901301347,0.66355216,0.553760489,0.819350271
27,baseline,0.595216014,0.513055209,0.664685058,0.551439309,0.492134887,0.614224424,0.813606359,0.693131295,0.905112861,0.663405445,0.553360191,0.820648441
28,baseline,0.595448617,0.515294364,0.665455779,0.549767717,0.471726534,0.615583284,0.81416797,0.692248581,0.903615449,0.66239226,0.552955083,0.820822852
29,baseline,0.595134881,0.513169966,0.667218765,0.55195704,0.479653393,0.616351963,0.815122934,0.693036366,0.903798864,0.661675278,0.554462723,0.812169525
30,baseline,0.594597554,0.513599836,0.6644009,0.551659881,0.491118036,0.60371447,0.816146319,0.699242449,0.901565285,0.663597745,0.55362839,0.820922221
31,baseline,0.595686801,0.516773307,0.667139726,0.550457421,0.479308705,0.604878309,0.816568551,0.695303195,0.905091379,0.663979006,0.551250827,0.82646231
32,baseline,0.594351628,0.508133195,0.668020026,0.550623297,0.481214961,0.618068261,0.813146701,0.69785637,0.901101071,0.660778253,0.551370682,0.818314535
33,baseline,0.594496461,0.511507023,0.667858876,0.550822478,0.492300054,0.595972006,0.816267724,0.70213484,0.905414222,0.663523185,0.553320154,0.822832654
34,baseline,0.597086785,0.513752166,0.669631318,0.551949346,0.481856876,0.599955056,0.811360972,0.690150856,0.900043322,0.658481628,0.54834592,0.813281225
35,baseline,0.595957445,0.514085061,0.667399162,0.551570778,0.480847051,0.626761936,0.817259843,0.698663908,0.904464111,0.66170793,0.550265764,0.817589239
36,baseline,0.595836436,0.515059554,0.668418393,0.551674381,0.504389732,0.615123541,0.815028946,0.696741335,0.905926367,0.661415471,0.550590297,0.817925157
37,baseline,0.593425243,0.512297832,0.667605766,0.550961596,0.491541025,0.621415413,0.816078055,0.703120959,0.90674005,0.664559077,0.551271804,0.817241032
38,baseline,0.595020869,0.512310338,0.666300371,0.552308859,0.485873174,0.609950466,0.815315591,0.696396004,0.905431598,0.664776716,0.55126799,0.824863063
39,baseline,0.594386424,0.513829192,0.666682086,0.551657468,0.501934769,0.610297657,0.814929228,0.695588207,0.902801466,0.66440826,0.552742259,0.829868878
40,baseline,0.596094043,0.516790583,0.668570711,0.551766172,0.496419267,0.608460282,0.815090094,0.693317994,0.905559427,0.662477631,0.553373346,0.81868507
41,baseline,0.596053276,0.513939273,0.667764743,0.551061857,0.485756409,0.604391302,0.814448621,0.69715053,0.904112732,0.662741918,0.550820388,0.825592694
42,baseline,0.595218103,0.515047331,0.668613045,0.551868356,0.485594457,0.614692563,0.812273402,0.695649026,0.899819532,0.659685424,0.54796455,0.821516455
43,baseline,0.594359425,0.514392584,0.667204702,0.552366373,0.484878497,0.617779706,0.816810853,0.70041228,0.904619128,0.663035207,0.550811141,0.819023124
44,baseline,0.594432172,0.511306802,0.666321528,0.550895761,0.484133959,0.617433615,0.815801206,0.694721207,0.90386697,0.664210524,0.553201962,0.824292054
45,baseline,0.59611669,0.513280598,0.667286997,0.551813476,0.488097997,0.600268117,0.815051168,0.696067341,0.904581698,0.664167874,0.551758573,0.824798658
46,baseline,0.592522977,0.512415227,0.665274992,0.549786714,0.488203218,0.605551892,0.817176558,0.693763776,0.905923564,0.665372149,0.552546234,0.82128552
47,baseline,0.595945196,0.515780741,0.668498997,0.551590272,0.493992321,0.602295384,0.813719844,0.698264654,0.904591774,0.663105318,0.550513251,0.820469269
48,baseline,0.5943033,0.511790584,0.666607438,0.551566757,0.491088225,0.607623295,0.815931284,0.707657051,0.904184949,0.662042375,0.550225817,0.819778641
49,baseline,0.596419923,0.517374918,0.667602167,0.552179715,0.495319217,0.60875972,0.813676926,0.696709095,0.901146371,0.662590246,0.54995806,0.823565994
50,baseline,0.59491382,0.511803021,0.666712062,0.552346869,0.49518361,0.610469438,0.81598964,0.696550876,0.903066217,0.664062221,0.554772766,0.817871242
51,baseline,0.595314715,0.515809877,0.666241756,0.55185844,0.486965516,0.59823465,0.81512947,0.697944763,0.90307768,0.66270917,0.549238312,0.818899333
52,baseline,0.595097906,0.515728757,0.666852149,0.552340863,0.476705477,0.614682153,0.815819579,0.69892254,0.904396448,0.663104999,0.551432229,0.823816389
53,baseline,0.594399979,0.511035869,0.666846507,0.552479721,0.477130554,0.614899787,0.814912563,0.695332803,0.905299781,0.661778053,0.550342546,0.822809807
54,baseline,0.595297454,0.514290546,0.668135014,0.551277738,0.477754513,0.615009442,0.816890124,0.700612714,0.905991146,0.66560579,0.552249025,0.825020279
55,baseline,0.597481332,0.51801709,0.670627695,0.552772846,0.480060613,0.605617331,0.812853456,0.700303988,0.897727496,0.656530199,0.547792965,0.814832582
56,baseline,0.591331026,0.509561641,0.66247988,0.548892087,0.492328232,0.61118244,0.812737719,0.69308745,0.900548246,0.660448845,0.550269176,0.817474387
57,baseline,0.594217498,0.509278997,0.666833537,0.547427179,0.494704407,0.601850748,0.818495304,0.701058542,0.907802214,0.667422977,0.553285217,0.829800894
58,baseline,0.597646533,0.517015057,0.671955531,0.552445149,0.462094625,0.612145298,0.813898333,0.691281731,0.900514881,0.659486782,0.549725279,0.819044106
59,baseline,0.595055571,0.515160476,0.668679857,0.552104746,0.478596756,0.620288083,0.813945403,0.699765312,0.902135384,0.662375919,0.552288606,0.819142585
60,baseline,0.595231382,0.515248467,0.666959745,0.551366574,0.475793276,0.599110942,0.817479089,0.703399427,0.905075477,0.66444088,0.549832562,0.825022032
61,baseline,0.595473876,0.513608763,0.668327548,0.551954706,0.479974946,0.613477194,0.815336603,0.69737421,0.90442164,0.663596313,0.552683577,0.813376081
62,baseline,0.592604896,0.510915803,0.662867432,0.548172118,0.475412983,0.600994403,0.817015281,0.695013785,0.908215354,0.667506598,0.553519686,0.825504289
63,baseline,0.595464931,0.512308404,0.666798214,0.551913406,0.50269347,0.604115822,0.81301495,0.695589169,0.903476396,0.662321415,0.550873822,0.823038803
64,baseline,0.594455136,0.510500019,0.667463383,0.550906661,0.478979873,0.607329559,0.815816737,0.696162451,0.908554571,0.66447805,0.551171454,0.82063563
65,baseline,0.595061802,0.514902068,0.667324787,0.552283816,0.47690934,0.6073525,0.815718712,0.696858895,0.907184421,0.662584223,0.551859178,0.81895896
66,baseline,0.597793278,0.517473821,0.669996243,0.551549629,0.488595079,0.612558794,0.808645319,0.691880191,0.8988067,0.656599378,0.54594743,0.8134952
67,baseline,0.595231251,0.512633878,0.665682456,0.551864321,0.479233891,0.61733243,0.815361257,0.695380556,0.905069595,0.663522673,0.553227473,0.8177205
68,baseline,0.595657243,0.5150408,0.667801535,0.552311608,0.468306656,0.615237085,0.816893002,0.701323368,0.908139616,0.663681527,0.552512048,0.822818108
69,baseline,0.594274326,0.513039197,0.668008282,0.551792921,0.478277334,0.605524467,0.81827955,0.703785475,0.904832757,0.665699663,0.549472664,0.82933922
70,baseline,0.595335665,0.513761794,0.66783282,0.552384005,0.474682576,0.613993343,0.815579392,0.696654595,0.904780228,0.662334712,0.548783975,0.819453189
71,baseline,0.595504428,0.513083435,0.66793073,0.552728459,0.48486807,0.621694149,0.815966441,0.692939878,0.90703208,0.664044763,0.554062599,0.823501002
72,baseline,0.592623077,0.51416086,0.6636794,0.549699235,0.465912488,0.605779281,0.81676286,0.70071383,0.905738038,0.665111785,0.555154892,0.828146766
73,baseline,0.595300476,0.515345162,0.669503283,0.552011292,0.482525744,0.618834308,0.815454173,0.696678898,0.906098051,0.663454309,0.552759782,0.822529587
74,baseline,0.595190391,0.516531053,0.666116123,0.551708205,0.477397832,0.610668233,0.814460624,0.699327815,0.903740813,0.665103856,0.554245317,0.823044194
75,baseline,0.596424711,0.512897892,0.669884518,0.551858298,0.477966652,0.610450985,0.815606072,0.694174959,0.902840219,0.662041113,0.553236144,0.816730278
76,baseline,0.59376621,0.511076546,0.665060149,0.550235191,0.484142641,0.611328946,0.819823601,0.701714772,0.907910788,0.668032348,0.555872266,0.828218061
77,baseline,0.595663798,0.514045318,0.664940821,0.551481224,0.478853188,0.598188877,0.814488346,0.696212043,0.904369123,0.664769469,0.5538881,0.823026884
78,baseline,0.594525187,0.510282948,0.666731012,0.551601409,0.465665563,0.618813676,0.815410056,0.698990922,0.904232184,0.662666302,0.553358848,0.821331036
79,baseline,0.595588912,0.50944991,0.667817475,0.552540773,0.491436583,0.598060103,0.815811426,0.69714205,0.905230325,0.664655377,0.55166786,0.820690691
80,baseline,0.59432852,0.512505757,0.667249404,0.551527955,0.488853314,0.611495634,0.814857694,0.701272317,0.904334813,0.66289574,0.554479405,0.816811877
81,baseline,0.591837035,0.509620345,0.66340531,0.549556879,0.470646221,0.614172772,0.815763195,0.701101552,0.905891453,0.665497832,0.553632612,0.825367292
82,baseline,0.593869483,0.511702369,0.666920684,0.550833675,0.487369261,0.604054724,0.816763208,0.703092934,0.906421092,0.665584968,0.55436312,0.822774599
83,baseline,0.594979997,0.51140646,0.666250444,0.551537542,0.483407778,0.620916006,0.815574181,0.697992023,0.902151623,0.664152996,0.549583595,0.828735993
84,baseline,0.595420361,0.514080693,0.667025481,0.551681604,0.472265807,0.621201355,0.813422545,0.694320257,0.901826618,0.661896777,0.552132435,0.819949794
85,baseline,0.597017361,0.514391655,0.667915106,0.555697712,0.481400389,0.606671974,0.813920575,0.702378801,0.899671389,0.658474836,0.545952282,0.814980196
86,baseline,0.590383728,0.510396778,0.663635298,0.54886278,0.469791366,0.606424184,0.817829337,0.695697274,0.905858796,0.665677198,0.554106037,0.817220191
87,baseline,0.589367078,0.505966872,0.663563801,0.546291438,0.483285528,0.608886594,0.817777794,0.700832901,0.908449432,0.66817851,0.554998854,0.822037759
88,baseline,0.595893607,0.518467035,0.667498298,0.55501884,0.481638763,0.609847123,0.818495158,0.718503382,0.906397598,0.661884128,0.552520353,0.804937744
89,baseline,0.596842012,0.515495391,0.66747106,0.551028691,0.459683497,0.615659542,0.809077248,0.691317276,0.897576386,0.657585153,0.547520732,0.818639117
90,baseline,0.593713804,0.511688367,0.666911509,0.551718627,0.482040649,0.606398046,0.816477215,0.698590107,0.90668061,0.664336819,0.551864243,0.814497004
91,baseline,0.58691552,0.507723007,0.659617539,0.538921933,0.473289964,0.609533398,0.821519494,0.699042212,0.909262424,0.675733542,0.557978712,0.834743777
92,baseline,0.587712867,0.50233272,0.661528205,0.545045236,0.481587819,0.609550724,0.814041417,0.69247329,0.90334988,0.664095831,0.552105535,0.822148591
93,baseline,0.592513621,0.511617924,0.663905023,0.549213415,0.473995715,0.62318785,0.816313561,0.697787111,0.905025871,0.665383791,0.550279251,0.82197711
94,baseline,0.594464908,0.511680245,0.66760624,0.551182445,0.474568341,0.607212943,0.813164048,0.697342176,0.899731957,0.660958211,0.54970794,0.814996691
95,baseline,0.590785208,0.508532594,0.666105302,0.548840116,0.495124001,0.606372902,0.814355566,0.695955423,0.901039654,0.665442949,0.551739791,0.828675271
96,baseline,0.589002941,0.506077891,0.663405664,0.543164944,0.483177871,0.602900601,0.820839421,0.700039885,0.911330121,0.671799172,0.557476992,0.829847352
97,baseline,0.589129413,0.508439295,0.661024515,0.546246988,0.489811388,0.623071068,0.814860061,0.696041541,0.903531303,0.666632992,0.553776814,0.825272564
98,baseline,0.58649417,0.503681118,0.660728466,0.544139849,0.459525743,0.598529256,0.811634998,0.694233324,0.899424435,0.663049853,0.551590478,0.819140929
99,baseline,0.58968687,0.507562987,0.661505672,0.547231272,0.466107481,0.593923117,0.810594746,0.691073838,0.900030908,0.66068408,0.55305324,0.819335654
100,baseline,0.58615854,0.502573909,0.659636057,0.543307865,0.479027223,0.590037004,0.816332351,0.693243922,0.907277659,0.667599734,0.557901501,0.816584756
101,baseline,0.594644265,0.512693171,0.667456075,0.551072872,0.501812299,0.622624573,0.816687095,0.698066667,0.904975479,0.663874352,0.553259395,0.821963038
102,baseline,0.594095095,0.513724335,0.666341243,0.550873719,0.488783009,0.599831993,0.816043508,0.700750999,0.904233862,0.661899432,0.554341368,0.817463054
103,baseline,0.593677107,0.510996012,0.666632183,0.550738221,0.473180759,0.596854159,0.815132628,0.69770658,0.901844628,0.662255041,0.551516409,0.822379263
104,baseline,0.593947247,0.5140131,0.66499057,0.550425079,0.471796223,0.604365897,0.815121901,0.692490092,0.904793842,0.662054568,0.549743788,0.816046662
105,baseline,0.594497115,0.513513974,0.667838881,0.550805642,0.494365914,0.617527199,0.81495274,0.698012089,0.903803337,0.663642846,0.554250678,0.81840004
106,baseline,0.594111567,0.513952154,0.666024351,0.550742947,0.461056955,0.635280521,0.814589019,0.69587904,0.907278665,0.661299904,0.55137204,0.817777573
107,baseline,0.593743069,0.513409902,0.666237891,0.550698369,0.492811139,0.593396354,0.815629332,0.694543565,0.906923922,0.66118995,0.553503578,0.822529906
108,baseline,0.594040849,0.51273173,0.667519765,0.550201188,0.47988413,0.60013111,0.814367259,0.697229068,0.904973055,0.661593431,0.551212995,0.817576454
109,baseline,0.595089939,0.514536825,0.667678299,0.550747801,0.48196441,0.598896897,0.815038478,0.699642445,0.903239575,0.662926155,0.550358662,0.82550557
110,baseline,0.595291816,0.515778833,0.667826719,0.551468106,0.483618967,0.606115839,0.816220947,0.703019764,0.90479927,0.664973589,0.551159628,0.824164362
111,baseline,0.59525534,0.511917388,0.667924445,0.55040049,0.489900853,0.620017534,0.817541277,0.693484033,0.90550527,0.665019276,0.554912586,0.825649057
112,baseline,0.595326952,0.513976255,0.666775932,0.55033929,0.457344972,0.612957303,0.815754943,0.697193188,0.903881862,0.665455059,0.554448663,0.823244724
113,baseline,0.59411473,0.516566026,0.667050584,0.550598833,0.487641378,0.617022659,0.816206783,0.700041938,0.905458835,0.662826279,0.552471237,0.821580581
114,baseline,0.595398967,0.51445509,0.667346009,0.550131847,0.474842633,0.604603514,0.815426363,0.694965837,0.905941105,0.663929284,0.551769376,0.822327466
115,baseline,0.59357515,0.510997666,0.666394116,0.550174621,0.47636324,0.620158959,0.816049711,0.698752091,0.908701565,0.664662886,0.551915354,0.825661178
116,baseline,0.596225071,0.513759891,0.667896191,0.550262713,0.48203777,0.610504291,0.816743881,0.696046258,0.907254845,0.663262849,0.551667761,0.821383883
117,baseline,0.594130589,0.512322018,0.66558774,0.550794015,0.469406172,0.607719941,0.814534493,0.700317366,0.904581698,0.665755761,0.553526763,0.827756673
118,baseline,0.592471436,0.509604813,0.664205423,0.548707563,0.471115603,0.6220372,0.815385957,0.699726897,0.904464473,0.664791341,0.555446174,0.821673217
119,baseline,0.592392194,0.509861425,0.663829345,0.547880104,0.483672938,0.611742257,0.817114561,0.692905874,0.907077105,0.66611544,0.556229053,0.823144508
120,baseline,0.595508926,0.5129952,0.668531907,0.548386136,0.4874594,0.63059612,0.817184797,0.693983813,0.906452064,0.666835265,0.555965237,0.82992807
121,baseline,0.595382088,0.514810691,0.665945891,0.551311619,0.49776203,0.619706881,0.81495983,0.695911703,0.904990031,0.661060277,0.548122359,0.813739157
122,baseline,0.592630762,0.510581029,0.665876126,0.550876205,0.459752811,0.627453708,0.814086855,0.69304489,0.902852066,0.663644523,0.551279846,0.819575781
123,baseline,0.594749103,0.513609215,0.667023073,0.551163335,0.496252685,0.599282812,0.814956501,0.698747604,0.90197171,0.663177157,0.550906886,0.818345389
124,baseline,0.605725693,0.526996085,0.678049544,0.550830285,0.495130065,0.603025539,0.812938226,0.691617489,0.903223859,0.660547691,0.548668464,0.82914099
125,baseline,0.594559945,0.51107558,0.667045374,0.551664572,0.467778004,0.608360526,0.816582924,0.701401633,0.905435317,0.663009821,0.55059934,0.824907959
126,baseline,0.593344297,0.511895947,0.665657286,0.550393143,0.475432104,0.617012849,0.813361896,0.693332116,0.902677247,0.661428458,0.55087069,0.820652885
127,baseline,0.593869709,0.508154494,0.667495826,0.551241451,0.492710557,0.6127143,0.813957641,0.69281251,0.903897134,0.662506857,0.550125669,0.821585139
128,baseline,0.593370256,0.510477563,0.664901769,0.550228137,0.489862972,0.623140896,0.814560693,0.692653359,0.902429012,0.661682845,0.553657227,0.815435826
129,baseline,0.594637755,0.512563546,0.667806692,0.551726123,0.485925715,0.601608736,0.81374327,0.697998795,0.90128877,0.662149252,0.553637441,0.817176886
130,baseline,0.594238464,0.511439776,0.667822657,0.548231505,0.477976231,0.603330256,0.817957955,0.696950656,0.90585937,0.665023403,0.553645837,0.820505763
131,baseline,0.595294131,0.511843427,0.666952636,0.550680549,0.484707246,0.598989437,0.816183023,0.69590864,0.904221989,0.663194536,0.55020315,0.818798987
132,baseline,0.597678753,0.518083234,0.669566872,0.551896983,0.501277851,0.604879279,0.808981228,0.691745039,0.895943902,0.653133364,0.543523166,0.813505559
133,baseline,0.594208239,0.515044408,0.66782328,0.549465758,0.485130487,0.605272809,0.802689396,0.685753271,0.889293997,0.653251295,0.545039539,0.813796766
134,baseline,0.599205814,0.513614792,0.670626293,0.551458711,0.499790597,0.627911568,0.809829567,0.693321994,0.89842137,0.657825256,0.544822662,0.81691499
135,baseline,0.601951488,0.518995057,0.674470746,0.551748877,0.497185291,0.59519662,0.80362751,0.68574088,0.891584093,0.652440124,0.542265477,0.810387616
136,baseline,0.595944078,0.514273315,0.667068226,0.552015628,0.481202154,0.609053117,0.81296132,0.693780692,0.900903276,0.661801586,0.550438059,0.828435944
137,baseline,0.595384754,0.51501995,0.667478519,0.551717604,0.481705487,0.610961911,0.813215682,0.694971912,0.901604316,0.662333464,0.553822215,0.821300861
138,baseline,0.59620203,0.514893529,0.667847874,0.551856935,0.479143089,0.631211092,0.809057294,0.690026789,0.895257309,0.653650339,0.543981088,0.811827646
139,baseline,0.595659299,0.513717946,0.668995624,0.551852574,0.474915485,0.624146072,0.815337512,0.704262662,0.903023206,0.662156452,0.548469465,0.817786015
140,baseline,0.597528777,0.519857262,0.66730202,0.553215404,0.488120863,0.604799113,0.814624928,0.699495363,0.90307496,0.656043712,0.545144485,0.81398396
141,baseline,0.597053705,0.514038962,0.667390729,0.551744113,0.488381841,0.609708377,0.811214365,0.693975196,0.898973615,0.657195847,0.5475308,0.81482954
142,baseline,0.595671166,0.514403977,0.666758827,0.551666259,0.462702311,0.611146692,0.811907316,0.694265102,0.899452531,0.66006845,0.551216195,0.820289871
143,baseline,0.598427744,0.516382172,0.670432346,0.551858176,0.478540878,0.621193428,0.814378523,0.701233717,0.905437493,0.658210462,0.547426574,0.814286176
144,baseline,0.592467894,0.508807952,0.665810919,0.55013819,0.489640583,0.59960326,0.815023665,0.695388007,0.90234137,0.663076211,0.552046052,0.822304805
145,baseline,0.594073455,0.512357116,0.666604319,0.551608628,0.480574294,0.628531316,0.813608502,0.696763976,0.904178219,0.660435615,0.546633958,0.817475674
146,baseline,0.595166871,0.514722902,0.667062392,0.552175669,0.477031817,0.616696366,0.812125162,0.6943536,0.903273648,0.659194538,0.550576995,0.816746528
147,baseline,0.595602,0.517169398,0.667559387,0.551909881,0.490265969,0.60746909,0.81455956,0.697409933,0.905005972,0.660923709,0.551887471,0.817657744
148,baseline,0.595606885,0.515579289,0.667088294,0.551253358,0.512761164,0.624660625,0.815473034,0.696450714,0.905852655,0.663277212,0.551160479,0.821940681
149,baseline,0.59504401,0.513875736,0.667156081,0.55162816,0.482059887,0.608219372,0.815667186,0.700001583,0.90239929,0.666197245,0.554131476,0.821630151
150,baseline,0.59535462,0.509906817,0.667691208,0.552533459,0.494446038,0.61593472,0.815371088,0.698893368,0.905264435,0.662529483,0.548408493,0.822876641
151,baseline,0.59530125,0.515764408,0.666216115,0.552301912,0.426002915,0.612161934,0.816559835,0.698074658,0.907438691,0.665172738,0.551133125,0.831806341
152,baseline,0.592993297,0.51124742,0.666354538,0.551499305,0.493731165,0.607254834,0.813463916,0.702751166,0.905129743,0.660767383,0.549229242,0.815195618
153,baseline,0.595889874,0.511122934,0.66589266,0.55282945,0.482693461,0.624080769,0.816002443,0.692610444,0.906254567,0.663317279,0.551935011,0.816698239
154,baseline,0.59383031,0.511537829,0.666110966,0.550067915,0.494634154,0.601830526,0.816999171,0.698303756,0.907453188,0.665966898,0.553526345,0.822227457
155,baseline,0.596102333,0.513365087,0.667334793,0.552616639,0.49190481,0.603831983,0.814769592,0.699173018,0.905261643,0.660933041,0.550299628,0.819265778
156,baseline,0.594406411,0.513314451,0.668025243,0.552320673,0.481091864,0.634999369,0.815635597,0.695587095,0.905074819,0.663391926,0.550883355,0.819381941
157,baseline,0.595242578,0.510933875,0.668890468,0.551919347,0.461566585,0.614386782,0.815731542,0.697754494,0.903840455,0.663170583,0.554311644,0.82084684
158,baseline,0.594652188,0.515775209,0.666399694,0.551209451,0.462419614,0.615418519,0.816478761,0.698315571,0.907383255,0.664898298,0.551534302,0.825266139
159,baseline,0.594403508,0.512655062,0.66601901,0.551370804,0.48800015,0.593227102,0.814235729,0.698136703,0.905058803,0.663216674,0.551997726,0.825107751
160,baseline,0.595413123,0.516953174,0.667233653,0.550875015,0.480406613,0.615850308,0.818089124,0.696681429,0.9059483,0.665876298,0.552755234,0.827564068
161,baseline,0.595354279,0.514635811,0.666734322,0.551705979,0.468599445,0.606303243,0.812420493,0.693214671,0.903533013,0.657756198,0.550833427,0.811211475
162,baseline,0.594320476,0.515326167,0.667025694,0.551987437,0.471325704,0.609298179,0.815726572,0.695401553,0.902159249,0.661658775,0.554198093,0.822797495
163,baseline,0.594676795,0.51263746,0.662464227,0.552552532,0.485963651,0.606897663,0.815470729,0.691853948,0.902521917,0.661246453,0.548077561,0.81790085
164,baseline,0.594623972,0.511449294,0.665767111,0.551788856,0.495985344,0.618081619,0.816416711,0.695700571,0.904406335,0.664494351,0.553625079,0.824095656
165,baseline,0.596211768,0.511667311,0.666722393,0.550975774,0.479361979,0.618547006,0.819029226,0.695392222,0.910788838,0.664665885,0.550409981,0.819747708
166,baseline,0.595790191,0.514356964,0.667751875,0.552194716,0.497658855,0.599394667,0.815402331,0.701931603,0.902905191,0.663737442,0.552211371,0.828144913
167,baseline,0.595074065,0.517131462,0.668888818,0.551585751,0.486077041,0.625191388,0.816146635,0.695294395,0.906695093,0.663130476,0.549054375,0.822673959
168,baseline,0.594098016,0.512743205,0.666220581,0.549379828,0.454993843,0.613277761,0.820472155,0.698917877,0.909709778,0.669962519,0.559810127,0.824146466
169,baseline,0.596454424,0.518183648,0.668194718,0.552717489,0.480814034,0.633404418,0.816521545,0.695048383,0.902328472,0.660698258,0.551437357,0.812067768
170,baseline,0.59539589,0.511763185,0.667451634,0.552234892,0.495518479,0.622268424,0.815906489,0.6998575,0.903473763,0.662968231,0.551842335,0.815995729
171,baseline,0.593970076,0.510692234,0.665921925,0.551991913,0.489329801,0.595418786,0.816140433,0.698261902,0.906438616,0.66300557,0.551224715,0.824315115
172,baseline,0.595102251,0.516123603,0.664285901,0.551394401,0.471915753,0.608838827,0.816683959,0.701370426,0.904686274,0.665972751,0.550367315,0.825888367
173,baseline,0.595133162,0.514214936,0.667790355,0.551872101,0.490494837,0.605474073,0.814227232,0.695148017,0.905096361,0.661559383,0.548809497,0.819332578
174,baseline,0.594279085,0.513827452,0.668907534,0.551805408,0.481386566,0.622685013,0.815678192,0.697161389,0.90398813,0.663497392,0.555583547,0.822187605
175,baseline,0.594604789,0.514973118,0.667960323,0.551504761,0.495789039,0.621760491,0.816140704,0.700937295,0.905913281,0.665001186,0.553048272,0.81768749
176,baseline,0.596834333,0.515771476,0.668503463,0.552116599,0.482630968,0.621010976,0.815476292,0.694283794,0.906200679,0.663302781,0.552856185,0.821481644
177,baseline,0.593699043,0.512328657,0.664977154,0.551349616,0.463309788,0.611852833,0.815323817,0.701239976,0.90388786,0.662331262,0.552247862,0.826106535
178,baseline,0.595752859,0.513543715,0.667764907,0.551920314,0.470107182,0.611190299,0.816836036,0.701301829,0.908077823,0.663870462,0.552580032,0.823097511
179,baseline,0.595639724,0.515890748,0.665980065,0.551919614,0.482676709,0.600195075,0.814773566,0.692905536,0.903134223,0.663887232,0.554417337,0.825126007
180,baseline,0.59416943,0.51400304,0.668452554,0.551497274,0.484300154,0.605993474,0.813491004,0.690347399,0.901932903,0.664340941,0.554925365,0.821790556
181,baseline,0.595394256,0.514679453,0.669463754,0.552077264,0.464816818,0.616800752,0.816044309,0.696757752,0.905959823,0.664079628,0.554887276,0.822997041
182,baseline,0.594461264,0.516317198,0.668998086,0.551644025,0.49170141,0.61245797,0.816236039,0.7008955,0.904259961,0.663967617,0.551764355,0.823324844
183,baseline,0.588300317,0.507165858,0.662456437,0.54643833,0.459565122,0.592428215,0.813849148,0.696166799,0.903472254,0.665641859,0.552354314,0.827050548
184,baseline,0.595290385,0.514747616,0.667322282,0.552268872,0.501587934,0.621344862,0.813667754,0.693502393,0.902281943,0.661784828,0.551643554,0.821384059
185,baseline,0.592191395,0.513787795,0.664319334,0.551368045,0.490821256,0.615469848,0.815073216,0.700848628,0.901717717,0.660882527,0.551800376,0.820328229
186,baseline,0.593122876,0.511365153,0.665505983,0.549499976,0.474021317,0.61019942,0.815356809,0.697309889,0.901569264,0.665025237,0.553847633,0.821465843
187,baseline,0.593083284,0.510287709,0.663173444,0.550448285,0.485154565,0.619609755,0.813393358,0.692132304,0.900903276,0.661995741,0.550038196,0.817046426
188,baseline,0.593233377,0.512921695,0.666270978,0.550255044,0.477591312,0.609730546,0.810055736,0.690500727,0.898441013,0.658479187,0.548426213,0.816331261
189,baseline,0.594661419,0.514471365,0.664560394,0.552084828,0.481811074,0.615717144,0.815358591,0.695507881,0.903519914,0.663127906,0.550157524,0.82526491
190,baseline,0.594308787,0.515091468,0.66787772,0.550977386,0.475707683,0.599408413,0.816747804,0.703482283,0.904447033,0.662745831,0.554147523,0.825390687
191,baseline,0.590639729,0.511838268,0.665742327,0.547822095,0.49244071,0.59604612,0.812095295,0.698203734,0.900404212,0.66285282,0.552526173,0.821587335
192,baseline,0.591804646,0.511686536,0.663244675,0.548938251,0.488922757,0.602010793,0.816675668,0.694465125,0.90546904,0.665065675,0.556098074,0.818623868
193,baseline,0.591411664,0.509730279,0.66497715,0.548934609,0.477493877,0.618290464,0.813750097,0.692371282,0.901894115,0.662489422,0.549522903,0.814721844
194,baseline,0.593868074,0.514305457,0.666242083,0.550475731,0.45783042,0.603087432,0.813362689,0.6923904,0.90282888,0.663996301,0.552556356,0.822588818
195,baseline,0.596412241,0.514578118,0.667718509,0.550564038,0.480858638,0.597440285,0.816613019,0.694349546,0.905912036,0.664717412,0.550162834,0.827632997
196,baseline,0.58892229,0.504527239,0.662422556,0.545463964,0.455541585,0.606169449,0.819050376,0.697455863,0.909459793,0.668126675,0.552289706,0.825391217
197,baseline,0.588651698,0.506279483,0.663048412,0.546401003,0.482105268,0.595767908,0.815937763,0.693897473,0.905329966,0.667638967,0.556855738,0.828234779
198,baseline,0.592104762,0.509617645,0.66346581,0.548964765,0.472774404,0.600798133,0.811864577,0.700031616,0.899074571,0.660398439,0.548249918,0.819042371
199,baseline,0.588058904,0.505580499,0.66083887,0.546086393,0.439488645,0.600025409,0.802322868,0.685429927,0.890108253,0.656031901,0.546937287,0.814345098
200,baseline,0.585298421,0.501857821,0.659095695,0.543830825,0.456965462,0.592115204,0.810698516,0.695185577,0.90051609,0.663907721,0.553003357,0.818659157
1,tr_worse,0.314174667,0.216490171,0.407625402,0.537877274,0.467019597,0.605276804,1.31292431,1.158604564,1.451968856,1.033157563,0.81174965,1.396383949
2,tr_worse,0.313855317,0.213723869,0.408973499,0.537480733,0.469181491,0.605206388,1.31280378,1.156368379,1.454076813,1.031011476,0.802581844,1.380039052
3,tr_worse,0.314124502,0.219195134,0.405562912,0.537862863,0.479559199,0.603257977,1.313255984,1.163134498,1.458063926,1.028998551,0.813149281,1.386461674
4,tr_worse,0.31470655,0.220521767,0.407605577,0.538034888,0.459193503,0.58566975,1.313641287,1.165267621,1.456800309,1.0296689,0.810744683,1.370450057
5,tr_worse,0.313260402,0.219979979,0.40454661,0.537981826,0.455911204,0.591330068,1.312380213,1.16190392,1.454847618,1.028884151,0.806823389,1.367520934
6,tr_worse,0.31247487,0.214570895,0.406095839,0.537389967,0.491810134,0.600513192,1.31322947,1.162042118,1.450326493,1.02904026,0.803978268,1.375094012
7,tr_worse,0.312922544,0.215635534,0.408033202,0.537518104,0.475645554,0.610909072,1.313797168,1.162556854,1.45740764,1.031327645,0.815477952,1.368100349
8,tr_worse,0.312997029,0.214439053,0.40591219,0.53795824,0.478194887,0.600031321,1.313482552,1.167074877,1.453361634,1.030906248,0.808349645,1.371987856
9,tr_worse,0.313170082,0.216817468,0.404667986,0.537764079,0.477785999,0.611944298,1.313125201,1.140530644,1.454925892,1.028608237,0.81065529,1.364431195
10,tr_worse,0.313905759,0.21799831,0.410068368,0.537820377,0.490543456,0.587392753,1.311710926,1.156124107,1.448770674,1.029355391,0.806391123,1.36606159
11,tr_worse,0.313099874,0.216597995,0.408668797,0.53774259,0.476596839,0.591617043,1.313596122,1.156471769,1.449498503,1.032252575,0.811815813,1.374970355
12,tr_worse,0.31327146,0.217095457,0.406952819,0.538739144,0.460448426,0.585881719,1.31221629,1.14872749,1.457880494,1.031837466,0.806830118,1.362217454
13,tr_worse,0.313034302,0.213099754,0.407732732,0.538150842,0.490584115,0.582021959,1.313264418,1.158173009,1.451882912,1.031591981,0.806696383,1.383474466
14,tr_worse,0.312714025,0.214980765,0.403703836,0.537895918,0.471528824,0.611693074,1.315746664,1.1734255,1.45635753,1.0281602,0.805832322,1.380317435
15,tr_worse,0.313988833,0.216569213,0.406293864,0.538128213,0.457496478,0.607413971,1.317105463,1.169162598,1.456372735,1.033394282,0.81297044,1.367255069
16,tr_worse,0.314074197,0.218375065,0.40558423,0.538527681,0.473061567,0.595648021,1.31190788,1.139836251,1.454651281,1.034153742,0.808695275,1.374564661
17,tr_worse,0.313919585,0.216553247,0.407644137,0.53764404,0.486573106,0.59401753,1.313167736,1.154902125,1.454221732,1.031028484,0.806956151,1.380784821
18,tr_worse,0.313428886,0.218484198,0.404079571,0.538266679,0.457289207,0.603686884,1.313151618,1.151620391,1.453223266,1.033546801,0.809664488,1.375580578
19,tr_worse,0.312372383,0.213824416,0.407514655,0.537860455,0.487929213,0.605825709,1.314307403,1.161061597,1.453030502,1.031601407,0.808751801,1.373466095
20,tr_worse,0.31659007,0.222119603,0.408090532,0.537209576,0.452314031,0.597730658,1.317114066,1.158725988,1.461360711,1.03372286,0.809771946,1.370770582
21,tr_worse,0.311774172,0.212917867,0.403626172,0.536026911,0.472454898,0.599682262,1.315852008,1.153912073,1.460602968,1.039254619,0.819987434,1.382030898
22,tr_worse,0.31483256,0.217400132,0.409567297,0.538404661,0.459064352,0.593590202,1.313913841,1.160116215,1.456716411,1.036817676,0.812649478,1.379699958
23,tr_worse,0.313154396,0.215579666,0.407913284,0.538541041,0.489702292,0.596022413,1.316732559,1.172765234,1.453614725,1.033933326,0.808435555,1.369757904
24,tr_worse,0.312677828,0.217020073,0.409170852,0.536800364,0.478049977,0.587540148,1.315320585,1.171037241,1.462063027,1.031373308,0.801340562,1.367658734
25,tr_worse,0.312838063,0.220707627,0.406475545,0.537972027,0.46959885,0.596200254,1.314587325,1.163775968,1.454927389,1.029896697,0.809811752,1.374758757
26,tr_worse,0.313120634,0.215883644,0.406954519,0.537787401,0.476807944,0.602847616,1.313431386,1.156230719,1.451984368,1.027948886,0.80485503,1.372935432
27,tr_worse,0.312781999,0.217175599,0.404292545,0.538427317,0.466637761,0.59611703,1.307404649,1.147060377,1.445588792,1.023477551,0.806554318,1.370978814
28,tr_worse,0.311789763,0.212917994,0.407401271,0.537085005,0.459556002,0.597396828,1.308343419,1.151624296,1.448955534,1.016976992,0.79964242,1.343121653
29,tr_worse,0.312347255,0.213615237,0.405022381,0.538464585,0.45154678,0.601284485,1.312891445,1.161898291,1.449201283,1.030032269,0.811290572,1.350752323
30,tr_worse,0.312826722,0.218407152,0.405963971,0.538263811,0.443485688,0.596089107,1.314253009,1.165965821,1.456089519,1.034429491,0.814350169,1.376686021
31,tr_worse,0.316951893,0.219492578,0.409376152,0.537562793,0.420358352,0.613820017,1.314744337,1.165723167,1.454995964,1.032147414,0.804182411,1.369746228
32,tr_worse,0.311951311,0.215678292,0.405825815,0.538020916,0.450741789,0.595914856,1.307228573,1.162236384,1.443486522,1.023671214,0.803479821,1.360696187
33,tr_worse,0.312546474,0.211224132,0.408835068,0.538575199,0.458566903,0.598767999,1.313280513,1.166615518,1.458126668,1.030514537,0.816986254,1.364718083
34,tr_worse,0.315224236,0.218296185,0.411679429,0.538475031,0.454709048,0.589483041,1.302769041,1.154023292,1.438764898,1.024160418,0.801813029,1.35574075
35,tr_worse,0.313258787,0.214140841,0.408198493,0.538161966,0.477045164,0.604496327,1.315638202,1.168470962,1.451868286,1.035723026,0.808177242,1.364662422
36,tr_worse,0.313789427,0.218320164,0.404205363,0.538442021,0.477457436,0.581382332,1.314180408,1.16050197,1.45197133,1.030656682,0.804906182,1.369976399
37,tr_worse,0.314813573,0.219055241,0.410320005,0.536737816,0.476853227,0.617164039,1.317979714,1.173307602,1.459105643,1.034861483,0.814385489,1.380150629
38,tr_worse,0.314330411,0.216788137,0.407430103,0.539459606,0.476213198,0.602784122,1.31412816,1.168025474,1.454778598,1.036685307,0.81784374,1.379945132
39,tr_worse,0.311070684,0.212306441,0.405111475,0.53784883,0.48464194,0.623156306,1.309003512,1.150423241,1.450971991,1.023961533,0.803097774,1.357089591
40,tr_worse,0.314873901,0.218269348,0.404604383,0.538478542,0.484951648,0.607688756,1.313980814,1.154690827,1.455101287,1.033882482,0.813422992,1.383961772
41,tr_worse,0.314201472,0.217738378,0.405422872,0.538778754,0.459685667,0.58998455,1.312818086,1.168007895,1.451341033,1.0252278,0.80932064,1.365276718
42,tr_worse,0.311983234,0.217332062,0.405186992,0.538462773,0.480904288,0.601830322,1.314142965,1.157281674,1.454512448,1.028871837,0.810374016,1.36677561
43,tr_worse,0.312729684,0.213530086,0.406621756,0.539151475,0.467305218,0.597524788,1.314229847,1.15758049,1.455038409,1.034718302,0.807516475,1.362974134
44,tr_worse,0.317372993,0.219554069,0.40931808,0.537938301,0.462202192,0.603207673,1.312893541,1.150279184,1.455305877,1.030181507,0.808512864,1.371554547
45,tr_worse,0.313132235,0.215176875,0.406142463,0.538860918,0.477203914,0.607904378,1.31388187,1.146483859,1.458356535,1.030496775,0.807778608,1.368676014
46,tr_worse,0.309131146,0.211370964,0.400642194,0.536407185,0.463247468,0.607801669,1.311787695,1.167716937,1.452227,1.017850693,0.803302206,1.350358835
47,tr_worse,0.315941888,0.21618817,0.410592988,0.539161615,0.450744359,0.60843263,1.306165756,1.155792383,1.443911673,1.024275811,0.807658133,1.355866634
48,tr_worse,0.313810764,0.218457638,0.408235791,0.538741478,0.450334968,0.588715704,1.314837794,1.171205517,1.453521667,1.032426117,0.814755961,1.379230345
49,tr_worse,0.315041123,0.219733125,0.408606034,0.539320831,0.463523198,0.606725113,1.313152421,1.158403673,1.455641819,1.032799217,0.811783603,1.365162982
50,tr_worse,0.314734324,0.216315346,0.407339275,0.539761944,0.482851286,0.600037831,1.313614467,1.154880984,1.453444993,1.028246384,0.811528349,1.373192315
51,tr_worse,0.314539557,0.220484917,0.409335723,0.539441612,0.470599075,0.594678443,1.306377255,1.152382251,1.442868381,1.02360704,0.799842111,1.36157176
52,tr_worse,0.313612906,0.21507792,0.408028564,0.538924139,0.471397609,0.603065057,1.315296384,1.155735006,1.454433058,1.031933381,0.812290164,1.375063255
53,tr_worse,0.314968955,0.217986885,0.408043503,0.539727147,0.473667842,0.609159868,1.307316721,1.156548968,1.449732067,1.024467633,0.801552013,1.352444843
54,tr_worse,0.31238127,0.21421805,0.406551934,0.53779285,0.448177291,0.601467141,1.315734996,1.152600025,1.460301171,1.032151973,0.809846462,1.37401622
55,tr_worse,0.31469241,0.219890678,0.407327062,0.539565763,0.470933759,0.582195085,1.30005337,1.13687269,1.439285191,1.020245049,0.805825033,1.348122097
56,tr_worse,0.306746281,0.212474932,0.402553622,0.535766687,0.494780487,0.599738035,1.309798575,1.158503847,1.449875859,1.02120676,0.80685484,1.355059011
57,tr_worse,0.307517464,0.20981791,0.400674536,0.534769835,0.46296649,0.598237929,1.315513781,1.16676909,1.457631035,1.027438968,0.805437135,1.371471894
58,tr_worse,0.316279714,0.222574391,0.409140957,0.539347654,0.47199,0.590061453,1.305934166,1.151375118,1.447007543,1.028636065,0.809194798,1.387426144
59,tr_worse,0.311956134,0.214724668,0.405930554,0.538988682,0.480480954,0.615599758,1.311902419,1.154136628,1.450382541,1.030661597,0.811468149,1.358086991
60,tr_worse,0.312590463,0.21339973,0.408619113,0.539180289,0.451108764,0.607320005,1.310777674,1.157801371,1.450208222,1.027715523,0.806006921,1.35010103
61,tr_worse,0.312962083,0.213720562,0.407202043,0.538978528,0.461247065,0.595890828,1.316130914,1.17543442,1.459573015,1.025242331,0.806864404,1.354348786
62,tr_worse,0.320014147,0.22264194,0.412061891,0.534803676,0.465255825,0.601776478,1.320724939,1.163712002,1.462121364,1.043030485,0.814565561,1.394343634
63,tr_worse,0.313828282,0.215150392,0.405850651,0.540277383,0.460814291,0.603319319,1.312344323,1.12129387,1.453129873,1.032564028,0.808999936,1.378309625
64,tr_worse,0.30993302,0.213691009,0.405404186,0.538096202,0.478657502,0.592214069,1.309024903,1.155303364,1.450479205,1.019622989,0.799240926,1.362054069
65,tr_worse,0.312846256,0.216294975,0.4071266,0.539347228,0.48308919,0.589763773,1.314886009,1.155812418,1.457915102,1.032303552,0.812568781,1.37381845
66,tr_worse,0.314349091,0.215490959,0.409308223,0.538585275,0.47082558,0.595613596,1.315087548,1.166345184,1.453714029,1.032559357,0.810392948,1.372299978
67,tr_worse,0.315769623,0.219918941,0.407959629,0.53971913,0.475810108,0.590787899,1.309262231,1.14631188,1.451631325,1.020344514,0.796711654,1.359954424
68,tr_worse,0.312213668,0.214179087,0.407295442,0.539080669,0.440908426,0.60404113,1.315076419,1.166072932,1.452619564,1.031576061,0.806475225,1.361713962
69,tr_worse,0.311833113,0.218782245,0.402406212,0.538426154,0.477708963,0.593032057,1.309709247,1.145453342,1.454446607,1.021730386,0.801865274,1.342046505
70,tr_worse,0.317119016,0.221310284,0.410383671,0.538879391,0.471847637,0.607990697,1.312013563,1.163417281,1.452427978,1.023697194,0.801377662,1.369677479
71,tr_worse,0.314094496,0.215359279,0.408752425,0.539258285,0.445428803,0.600971213,1.314455362,1.168978266,1.455127953,1.032991916,0.81277796,1.382966118
72,tr_worse,0.310406911,0.216851142,0.406192674,0.536416342,0.459289442,0.609653988,1.316720433,1.166276121,1.456251028,1.034102167,0.809982262,1.389038003
73,tr_worse,0.314085358,0.215624825,0.404971587,0.538501922,0.466178165,0.61176603,1.310735508,1.152847584,1.448128648,1.027345258,0.808153859,1.364905909
74,tr_worse,0.31449661,0.218153674,0.410847102,0.539117483,0.462736347,0.591318204,1.313947669,1.140215462,1.459561372,1.032808438,0.810843468,1.384311982
75,tr_worse,0.313544353,0.216336959,0.406036939,0.538885228,0.473348338,0.588959978,1.315000978,1.158138092,1.459305493,1.033974205,0.815985108,1.379931167
76,tr_worse,0.310906472,0.212224646,0.403941426,0.538080483,0.467004383,0.588399466,1.306728178,1.154027486,1.445216138,1.004793728,0.791598237,1.312500893
77,tr_worse,0.314771661,0.218124044,0.411781953,0.539125692,0.459015656,0.598264884,1.316514431,1.16206242,1.458131715,1.030221179,0.806101743,1.366837841
78,tr_worse,0.314721623,0.21937354,0.408435196,0.538351607,0.475412654,0.605692174,1.31467006,1.168502048,1.451182716,1.030780874,0.807343588,1.382324297
79,tr_worse,0.312972014,0.219073433,0.406634142,0.539188699,0.474723548,0.590532338,1.313757775,1.157866353,1.458001943,1.029416051,0.805308973,1.362427177
80,tr_worse,0.313255297,0.219585272,0.409910708,0.539146122,0.482578772,0.59523108,1.306826412,1.150751776,1.44585456,1.026211765,0.80341028,1.362484902
81,tr_worse,0.303264626,0.203979388,0.399576271,0.535669623,0.449825851,0.600835708,1.301477133,1.127919134,1.442030137,1.019893943,0.801025171,1.349705593
82,tr_worse,0.314348513,0.217270032,0.408170055,0.53775142,0.472892726,0.605380855,1.316613258,1.168390269,1.459761436,1.038095029,0.816285108,1.386880895
83,tr_worse,0.3190808,0.221940378,0.411258076,0.538950336,0.470932829,0.613276404,1.306916645,1.158413779,1.443542694,1.028530063,0.80844794,1.36925176
84,tr_worse,0.315251061,0.218363458,0.408895717,0.538888734,0.477294256,0.59735742,1.312224967,1.152338486,1.453370747,1.036347209,0.813748792,1.372595024
85,tr_worse,0.313672075,0.216863846,0.408015765,0.53887275,0.473481175,0.58835629,1.313991979,1.162682947,1.457957837,1.033564413,0.811523946,1.394757161
86,tr_worse,0.320931432,0.222515032,0.412563582,0.533935589,0.48577097,0.629451062,1.321795216,1.163288803,1.463041922,1.048936327,0.822056137,1.394934137
87,tr_worse,0.306458237,0.210377272,0.400005289,0.535939694,0.445513509,0.593316995,1.313421212,1.150085773,1.456347607,1.023737934,0.803966225,1.363144153
88,tr_worse,0.313778148,0.214460455,0.407999107,0.538957388,0.470799991,0.598311034,1.301054728,1.148371061,1.437607032,1.019560308,0.796653879,1.339487244
89,tr_worse,0.313340549,0.215753566,0.405208007,0.538888331,0.482299578,0.600131781,1.300500926,1.150861414,1.434743475,1.021283153,0.803079079,1.35355361
90,tr_worse,0.311726742,0.213127998,0.403930838,0.538586666,0.487951658,0.609060379,1.304095628,1.159630881,1.445299115,1.017918907,0.798425653,1.349931808
91,tr_worse,0.308659293,0.213782485,0.404154508,0.527127364,0.47662923,0.577773973,1.332848547,1.184679132,1.479736678,1.057723099,0.824907732,1.424806215
92,tr_worse,0.317009035,0.218071304,0.410141917,0.531848658,0.482444284,0.605019824,1.325872179,1.169993,1.470794767,1.050808321,0.820575574,1.395671685
93,tr_worse,0.312381791,0.214065274,0.406205363,0.536756729,0.462133778,0.592514194,1.316070903,1.157121258,1.456385979,1.035482909,0.81532705,1.383777469
94,tr_worse,0.313186434,0.216719471,0.406949406,0.538076442,0.474672576,0.591751783,1.315242038,1.16724752,1.455986019,1.035484814,0.811462171,1.374711238
95,tr_worse,0.315458937,0.21641037,0.409489871,0.533634002,0.464508834,0.606590279,1.324764154,1.161801995,1.469871055,1.052964931,0.816265374,1.441782628
96,tr_worse,0.300828859,0.20457712,0.396616221,0.532839622,0.450863317,0.604655584,1.308728697,1.162666811,1.445478174,1.004578245,0.794297467,1.318813972
97,tr_worse,0.313140447,0.219004618,0.40733084,0.534026326,0.464330259,0.582420629,1.32043277,1.170394884,1.463366629,1.042023002,0.816214354,1.37558719
98,tr_worse,0.3047382,0.207051933,0.398077612,0.533597758,0.484665777,0.607043525,1.31488534,1.161051891,1.453794487,1.02282266,0.80507497,1.358020295
99,tr_worse,0.305422101,0.208689876,0.396892742,0.534445259,0.491908072,0.584246589,1.313074777,1.147125403,1.450156022,1.02769178,0.808215564,1.370252417
100,tr_worse,0.326210728,0.226654287,0.420495273,0.528946516,0.465241781,0.583551072,1.328147402,1.158380718,1.467093852,1.056836041,0.820235325,1.408318825
101,tr_worse,0.313698808,0.221282108,0.40812076,0.538013898,0.473746333,0.594258425,1.314284129,1.156097666,1.450206428,1.030254041,0.803872896,1.358413362
102,tr_worse,0.312766864,0.216657366,0.40442494,0.53803862,0.486423813,0.597069532,1.313548068,1.164025569,1.450116061,1.030934183,0.813627985,1.376199
103,tr_worse,0.312781336,0.216569625,0.409370897,0.537760265,0.475234032,0.61141735,1.313040848,1.153344861,1.450193006,1.031221767,0.811128348,1.363537357
104,tr_worse,0.313287252,0.220284599,0.407283376,0.537744856,0.451093044,0.595606103,1.312063661,1.151628171,1.449732388,1.032284262,0.812791252,1.35582618
105,tr_worse,0.312740515,0.219766333,0.407503395,0.537510823,0.453954242,0.600609196,1.313199578,1.159821255,1.457164711,1.029122871,0.808339305,1.379534363
106,tr_worse,0.312539747,0.215417331,0.407440354,0.536995225,0.479844617,0.588944899,1.312923452,1.169414586,1.452079027,1.026536844,0.811665702,1.351703438
107,tr_worse,0.312895434,0.216790465,0.408352658,0.537371572,0.441625203,0.607208793,1.312663205,1.164009238,1.45061398,1.028767283,0.803479722,1.351316668
108,tr_worse,0.312863711,0.220830616,0.406303155,0.537338051,0.460518784,0.596984535,1.314943817,1.164041948,1.458238241,1.03401351,0.807149473,1.387363404
109,tr_worse,0.314811742,0.218672535,0.40919446,0.537671271,0.490762113,0.599943709,1.313373706,1.151950845,1.456807234,1.029565121,0.807155394,1.362652591
110,tr_worse,0.313715695,0.218988037,0.407723571,0.538131285,0.472969136,0.595881229,1.315813335,1.158214936,1.454855812,1.029772821,0.809057319,1.359680653
111,tr_worse,0.31370054,0.218434322,0.405784991,0.538731165,0.474581972,0.595491855,1.318908273,1.182710954,1.459933932,1.039185933,0.817892366,1.394736099
112,tr_worse,0.313223234,0.216360777,0.406792687,0.537515193,0.476094808,0.593796327,1.314028848,1.167818368,1.454494397,1.030845809,0.813724081,1.361078424
113,tr_worse,0.314692336,0.219210796,0.408778676,0.543704158,0.450877967,0.596245579,1.321161209,1.194750688,1.456179007,1.032720411,0.811004389,1.378584681
114,tr_worse,0.31335903,0.216493516,0.405805453,0.537466625,0.465373996,0.612305629,1.316247344,1.165272993,1.457654401,1.035051927,0.815211218,1.380807046
115,tr_worse,0.31455271,0.218106893,0.408571161,0.537017067,0.477212218,0.596446911,1.316960993,1.167544458,1.455429798,1.040273429,0.812251701,1.382918284
116,tr_worse,0.315343358,0.217774368,0.404807979,0.53731045,0.470842105,0.597003662,1.315142971,1.159049982,1.456089519,1.034351064,0.80934574,1.369311245
117,tr_worse,0.311825529,0.214362009,0.405042876,0.538064225,0.47901308,0.603146235,1.31238043,1.171141028,1.449493973,1.030273154,0.80662699,1.361251319
118,tr_worse,0.307848815,0.209356742,0.402644356,0.535547828,0.476651329,0.62451865,1.311570633,1.153543865,1.449058163,1.024889606,0.8052611,1.351032008
119,tr_worse,0.312929806,0.216772336,0.403888055,0.536071107,0.469271322,0.602321745,1.317537313,1.144278397,1.461300017,1.035872763,0.806572128,1.378989551
120,tr_worse,0.312644722,0.215919115,0.405387462,0.53497958,0.457661814,0.596077002,1.31931965,1.17289733,1.459983313,1.039422227,0.810323156,1.390023654
121,tr_worse,0.314424598,0.218571364,0.409246229,0.53767902,0.439798196,0.593833199,1.315698665,1.164845731,1.455126575,1.034611605,0.814516922,1.384082575
122,tr_worse,0.313254784,0.216263992,0.408004624,0.537716217,0.476216299,0.596959878,1.313051632,1.165529245,1.450461987,1.026601769,0.810896287,1.357943363
123,tr_worse,0.315056346,0.217428493,0.41001941,0.538249862,0.479675887,0.61177,1.313971203,1.163476029,1.456902717,1.035378772,0.813186741,1.381943655
124,tr_worse,0.317470474,0.218352032,0.408609461,0.537706339,0.47547285,0.587931923,1.313851783,1.159083507,1.455299055,1.033998445,0.810875662,1.390303005
125,tr_worse,0.312845382,0.216308883,0.406393615,0.538353288,0.450144698,0.600284791,1.315288679,1.167903481,1.457374798,1.035031019,0.810046861,1.380314026
126,tr_worse,0.313778863,0.21577475,0.406483839,0.537965111,0.476091398,0.603434782,1.314115886,1.175376709,1.453866091,1.032682894,0.812044712,1.400062001
127,tr_worse,0.314626283,0.219250916,0.405738777,0.538915223,0.476028226,0.592289751,1.31553185,1.168035094,1.453302047,1.035326345,0.809536229,1.389218633
128,tr_worse,0.311352052,0.21120032,0.404579177,0.537574694,0.47273379,0.604449507,1.313208712,1.158959936,1.458244644,1.0300277,0.804950687,1.36457403
129,tr_worse,0.314195932,0.217552266,0.407746581,0.538445176,0.485381075,0.585800953,1.314786374,1.167518148,1.452621054,1.031824953,0.813144037,1.363414658
130,tr_worse,0.319921349,0.225099737,0.415103415,0.535695075,0.466080464,0.577059744,1.318420506,1.172455219,1.459535621,1.043054637,0.818212736,1.403549269
131,tr_worse,0.315850152,0.219322749,0.410328751,0.537580945,0.490842181,0.590934175,1.313823835,1.166737003,1.457477863,1.035874165,0.807805105,1.3671789
132,tr_worse,0.314256854,0.21684,0.405880243,0.539118047,0.483152459,0.596296209,1.315492222,1.167279537,1.453566032,1.035624719,0.807983936,1.375483586
133,tr_worse,0.311908695,0.21200459,0.402044541,0.537723999,0.465259927,0.598732891,1.313579697,1.164959153,1.454767457,1.022588519,0.803928867,1.361607298
134,tr_worse,0.315718449,0.217939288,0.408743888,0.538499308,0.485340521,0.594703285,1.309176423,1.138111616,1.450876306,1.023274176,0.80792777,1.34170479
135,tr_worse,0.314975092,0.21763841,0.41068444,0.539191838,0.472166964,0.600946152,1.31426597,1.156482584,1.455287029,1.033559148,0.809076932,1.379470949
136,tr_worse,0.313744984,0.217422567,0.405190457,0.53933429,0.483430195,0.59007486,1.30535986,1.136936351,1.443143725,1.021328072,0.803409831,1.360727705
137,tr_worse,0.311186764,0.216013959,0.404313433,0.53827546,0.462734581,0.613042359,1.309298255,1.147592535,1.449355439,1.020307473,0.802506401,1.347548814
138,tr_worse,0.313431043,0.214905428,0.407677112,0.539051193,0.4677982,0.605089516,1.315490734,1.153942016,1.457583665,1.032708855,0.810945131,1.371238211
139,tr_worse,0.312839799,0.215708082,0.405633071,0.538810947,0.473099933,0.60071079,1.316881855,1.169211611,1.45450878,1.034105218,0.813191514,1.388337317
140,tr_worse,0.314887697,0.219405623,0.409607733,0.539382053,0.488444106,0.613378006,1.316658764,1.176745292,1.458503635,1.036278184,0.810605702,1.3850784
141,tr_worse,0.313992805,0.217009462,0.406143943,0.539030652,0.489623441,0.610393727,1.314698316,1.153401536,1.457177019,1.032989889,0.811743611,1.37985514
142,tr_worse,0.315269439,0.216802448,0.410094555,0.538715331,0.474592761,0.592341824,1.316053268,1.163437566,1.458276426,1.034808731,0.807295291,1.368200639
143,tr_worse,0.314845821,0.2188805,0.40965883,0.538690918,0.472513243,0.593219719,1.315786188,1.156682724,1.454820695,1.038804487,0.818474523,1.38876552
144,tr_worse,0.313346483,0.214505308,0.409924262,0.538093238,0.475300487,0.606241739,1.316705693,1.161069535,1.456707769,1.036009296,0.812863592,1.368051225
145,tr_worse,0.31217873,0.213884174,0.406455316,0.53971328,0.485924544,0.602611617,1.308323145,1.161750699,1.444759773,1.016257464,0.802000328,1.359267678
146,tr_worse,0.31363456,0.215269619,0.404708403,0.538426466,0.472183133,0.600400074,1.313039205,1.165023358,1.458514384,1.031995562,0.806126548,1.364802125
147,tr_worse,0.3159692,0.220547491,0.410951334,0.539740225,0.453421419,0.605955565,1.314774727,1.170057445,1.451438596,1.036027569,0.808659576,1.382187936
148,tr_worse,0.311783809,0.216231834,0.405356599,0.538673046,0.48652851,0.621655652,1.311724011,1.157340627,1.45328096,1.026640266,0.805614152,1.360295282
149,tr_worse,0.311301355,0.212786503,0.407525831,0.537663323,0.470721983,0.585078642,1.31306954,1.166779835,1.451878853,1.02548799,0.808829929,1.363894581
150,tr_worse,0.314074559,0.218065869,0.408124467,0.539496553,0.483674383,0.596149794,1.313712808,1.163400937,1.450559068,1.034067942,0.807186185,1.377707114
151,tr_worse,0.313434473,0.214485021,0.404873298,0.539014256,0.47383249,0.613561106,1.313412193,1.166988833,1.450912399,1.032181279,0.812050125,1.362215533
152,tr_worse,0.312047245,0.217082538,0.405276772,0.539605524,0.485495349,0.593480389,1.317903802,1.163229963,1.460502303,1.033501727,0.808746307,1.375432739
153,tr_worse,0.317034888,0.222252795,0.408999827,0.539878012,0.487100497,0.590446036,1.31040981,1.159856722,1.446000186,1.02649826,0.807068424,1.355873207
154,tr_worse,0.314271968,0.215363756,0.40581926,0.538244887,0.494503511,0.597542198,1.317904835,1.152795012,1.454770972,1.038873844,0.811305235,1.373175258
155,tr_worse,0.315208283,0.21729495,0.409554159,0.539773799,0.482036299,0.610580411,1.314686307,1.171962433,1.456439883,1.030624998,0.807900435,1.375754172
156,tr_worse,0.312382627,0.217629015,0.405153596,0.539193864,0.467129184,0.601296246,1.302088676,1.147023261,1.437546598,1.012864184,0.796404721,1.325434128
157,tr_worse,0.314026443,0.22054084,0.406130559,0.538731708,0.44648476,0.600168909,1.316947351,1.169122365,1.455992913,1.039996655,0.818296509,1.399252025
158,tr_worse,0.309456488,0.213378566,0.401231096,0.537763262,0.466197796,0.604993444,1.308815768,1.1379803,1.452299205,1.021112038,0.806429831,1.352983926
159,tr_worse,0.311466512,0.217392833,0.403342968,0.538853989,0.4756937,0.593992615,1.305980587,1.145737816,1.443582613,1.015365305,0.80121558,1.336348089
160,tr_worse,0.314047214,0.215857986,0.409611109,0.538377281,0.471154856,0.589117794,1.318573495,1.158253794,1.460589322,1.037184085,0.812530542,1.386556391
161,tr_worse,0.315181492,0.215454787,0.407414352,0.538853981,0.470279882,0.602345245,1.29460509,1.138274511,1.43568044,1.019083573,0.800847395,1.364820754
162,tr_worse,0.31574162,0.218234323,0.408630811,0.538926137,0.477571358,0.602576881,1.317955308,1.166439116,1.459323222,1.035983187,0.811089009,1.377412953
163,tr_worse,0.31497953,0.216633773,0.408762506,0.539230532,0.471562888,0.601596993,1.304824443,1.151524968,1.445732235,1.023680469,0.800509184,1.348559848
164,tr_worse,0.312239698,0.214747876,0.405468282,0.538610295,0.472890786,0.580165725,1.315293951,1.154425902,1.454433058,1.033155286,0.807128458,1.373948089
165,tr_worse,0.320572155,0.225044215,0.413302474,0.537625677,0.476051152,0.602082682,1.311091684,1.159588128,1.451557841,1.0380213,0.812131534,1.386879132
166,tr_worse,0.315324894,0.21634278,0.40760438,0.539256014,0.456120138,0.598329685,1.314385268,1.165696352,1.452238259,1.026430387,0.807671401,1.376330411
167,tr_worse,0.313181826,0.218896749,0.404141861,0.539848089,0.467377884,0.594702676,1.315228422,1.15980674,1.457854408,1.031890172,0.8075504,1.384076062
168,tr_worse,0.315935261,0.216145522,0.410520133,0.533368821,0.478859906,0.588697204,1.327771026,1.167577699,1.47383457,1.050921311,0.820845202,1.412686406
169,tr_worse,0.314515463,0.220035486,0.408240545,0.539244659,0.464971,0.616763778,1.316001225,1.167697607,1.460574181,1.035769181,0.812107518,1.366072395
170,tr_worse,0.315737636,0.219905717,0.410644926,0.539342795,0.465514492,0.589295366,1.309063869,1.147495869,1.45250006,1.023713049,0.81199809,1.368649338
171,tr_worse,0.313822392,0.216012779,0.408371253,0.538040113,0.44627742,0.607522183,1.315040601,1.16260887,1.456866418,1.035582718,0.809535723,1.394923317
172,tr_worse,0.312633942,0.215132885,0.407494763,0.53888128,0.47180909,0.605667631,1.310524201,1.159705864,1.450542381,1.027018301,0.804317156,1.353790862
173,tr_worse,0.313446424,0.216296647,0.406942929,0.539671039,0.479610347,0.596817582,1.314548094,1.153205455,1.458605137,1.031336114,0.805906387,1.373859679
174,tr_worse,0.317916753,0.221439161,0.408767529,0.538892395,0.47449794,0.60285835,1.30136896,1.160180149,1.437896033,1.020430319,0.802752852,1.354985929
175,tr_worse,0.31411435,0.213856252,0.411438847,0.539540634,0.481989887,0.589055596,1.315725627,1.165309615,1.46158911,1.030425052,0.805736681,1.371739157
176,tr_worse,0.313845644,0.218899875,0.40926321,0.540129205,0.475918363,0.592931593,1.314352234,1.170278719,1.454090499,1.028353386,0.809705531,1.373302673
177,tr_worse,0.316869677,0.218954647,0.40900382,0.53842044,0.462613456,0.603374607,1.311391408,1.169379209,1.453871889,1.032201367,0.803584279,1.372725042
178,tr_worse,0.317532663,0.218657839,0.409053447,0.538204598,0.470040719,0.590130356,1.310414041,1.149714515,1.450153791,1.028611073,0.805542463,1.363507404
179,tr_worse,0.318004663,0.218600625,0.409523519,0.539022075,0.47729581,0.599023348,1.298406167,1.145794404,1.433412739,1.020504318,0.806379431,1.362647033
180,tr_worse,0.315694701,0.218980658,0.408597539,0.539409899,0.475836076,0.5940701,1.314393966,1.162204821,1.454096493,1.03400996,0.808452359,1.386524227
181,tr_worse,0.315064584,0.214746764,0.407191336,0.53901564,0.460919324,0.604847007,1.309907788,1.164034708,1.451781845,1.023799162,0.806872848,1.372572593
182,tr_worse,0.315754287,0.216246318,0.408847892,0.538785354,0.459369767,0.59673755,1.308248426,1.141052427,1.449867819,1.03020364,0.80333876,1.371473128
183,tr_worse,0.309724434,0.213915944,0.402947229,0.535161443,0.458706823,0.591077076,1.321242729,1.161096812,1.464081924,1.042047599,0.813675236,1.387498232
184,tr_worse,0.313882899,0.216780348,0.407471635,0.538441329,0.475638517,0.607432113,1.313526241,1.152619848,1.454009882,1.033549862,0.80894515,1.380304722
185,tr_worse,0.305890089,0.208822041,0.399750292,0.536300544,0.458877372,0.606309975,1.292100641,1.143362212,1.431058106,1.014186145,0.7984155,1.342616885
186,tr_worse,0.311706657,0.215481565,0.403783134,0.537332862,0.48389543,0.585471122,1.316793907,1.168040682,1.457076146,1.037650919,0.813854152,1.390797068
187,tr_worse,0.313798425,0.215833301,0.407285772,0.538119703,0.46209049,0.599653051,1.3157926,1.163332357,1.455285477,1.035187834,0.807085477,1.38203989
188,tr_worse,0.316041334,0.216748803,0.406646362,0.536850249,0.4718956,0.598428697,1.319513165,1.16750365,1.457873602,1.039081162,0.818656037,1.395128658
189,tr_worse,0.314610583,0.217987118,0.409509669,0.538577928,0.466176173,0.608139503,1.314077543,1.156166579,1.454156406,1.031989669,0.807314731,1.365707257
190,tr_worse,0.316651446,0.218336271,0.412785122,0.538021744,0.475511982,0.597402524,1.313848063,1.15419598,1.452239238,1.036618173,0.814135574,1.387330588
191,tr_worse,0.30255656,0.206588953,0.396168182,0.534955336,0.437905503,0.611919349,1.296673006,1.096872277,1.43703365,0.985980677,0.782019842,1.265091564
192,tr_worse,0.304757954,0.207067301,0.397696631,0.536226994,0.480852087,0.600608075,1.300216605,1.153137149,1.436293523,1.003912116,0.796055624,1.330124245
193,tr_worse,0.314011384,0.216128652,0.408073505,0.535296454,0.468777268,0.591902734,1.321695481,1.168484521,1.460821046,1.043087529,0.815375893,1.385572857
194,tr_worse,0.314810057,0.218999139,0.408546754,0.537215415,0.477579772,0.618101203,1.317476425,1.153152978,1.459288516,1.040582634,0.811658725,1.384758083
195,tr_worse,0.321517451,0.222380999,0.415881501,0.537389813,0.481383981,0.592628045,1.313759903,1.154289912,1.454741021,1.035942768,0.812374544,1.379054309
196,tr_worse,0.315460655,0.214684398,0.412062699,0.531960476,0.45469815,0.585328661,1.325943171,1.173397266,1.466143924,1.050420171,0.820845817,1.396849864
197,tr_worse,0.299931333,0.202557215,0.396615836,0.531395482,0.460598175,0.571288284,1.308955296,1.158872813,1.44750087,1.015831812,0.801217851,1.346458957
198,tr_worse,0.3104169,0.210472463,0.403490703,0.536460724,0.470950445,0.583245733,1.314587951,1.150519605,1.454697456,1.033093398,0.805108717,1.379194617
199,tr_worse,0.314239988,0.216514338,0.410631191,0.532095526,0.464763701,0.602445754,1.325128118,1.169937792,1.468947542,1.048387228,0.81861832,1.416166957
200,tr_worse,0.292947424,0.196353071,0.388468069,0.530865848,0.458353816,0.592717904,1.287699138,1.142167717,1.424461728,1.003372677,0.788597411,1.329438607
1,tr_better,0.594033546,0.510464489,0.665527777,0.552720878,0.501238703,0.620998706,0.660309174,0.547859671,0.729663868,0.524437249,0.445863909,0.75079726
2,tr_better,0.594328015,0.509023373,0.666177598,0.552809744,0.485472273,0.603870539,0.658743664,0.542149329,0.731493906,0.522924346,0.446008413,0.746636029
3,tr_better,0.59365556,0.510473954,0.664007129,0.552533415,0.478243429,0.597688899,0.658896843,0.544918552,0.729809528,0.523865078,0.446136131,0.757392081
4,tr_better,0.593379378,0.511437824,0.664680832,0.552375332,0.495138434,0.608194953,0.659095586,0.544481497,0.728288181,0.525193486,0.447716153,0.759758351
5,tr_better,0.593766525,0.508991857,0.667769405,0.552832657,0.48119235,0.636147494,0.658165544,0.543193799,0.728577205,0.525184836,0.448168443,0.754136396
6,tr_better,0.593435044,0.511271966,0.662732561,0.552312051,0.475641405,0.607344321,0.658102124,0.544754186,0.728026416,0.524086279,0.445550083,0.750619889
7,tr_better,0.593903945,0.508156321,0.665141965,0.552711399,0.455973073,0.61191982,0.658918701,0.545679666,0.728176506,0.524368652,0.446049017,0.753994286
8,tr_better,0.59422134,0.510223686,0.663435221,0.553138652,0.47821054,0.609829047,0.658953672,0.550051305,0.728784639,0.522927462,0.446579854,0.747422825
9,tr_better,0.593938207,0.509828682,0.666206744,0.553007563,0.466885081,0.609172875,0.659863807,0.548337608,0.72981174,0.523008522,0.445754797,0.751452755
10,tr_better,0.594208657,0.511940553,0.666634112,0.552012697,0.482365965,0.60620528,0.659660727,0.548687748,0.72926086,0.525075722,0.445673872,0.754063225
11,tr_better,0.593996987,0.510117529,0.66491712,0.552579262,0.487108074,0.606045834,0.659903016,0.547716664,0.729638284,0.524733496,0.447892187,0.753197845
12,tr_better,0.593550519,0.510299421,0.66471691,0.553099462,0.494178176,0.618976108,0.660109405,0.54390265,0.73084469,0.521615862,0.447080042,0.754731047
13,tr_better,0.592586764,0.508365419,0.664575147,0.552771403,0.477330015,0.608020235,0.66036687,0.549772386,0.730517802,0.523882837,0.44629932,0.76109718
14,tr_better,0.594598321,0.511889237,0.665320104,0.553138762,0.471206846,0.599518587,0.658967527,0.547778365,0.727890041,0.524431842,0.448428963,0.748904088
15,tr_better,0.59313902,0.510891239,0.665430065,0.552363263,0.481033284,0.614928522,0.658828615,0.547378782,0.72839347,0.523791832,0.446818188,0.74542231
16,tr_better,0.594221787,0.506418765,0.667421815,0.552716667,0.48287961,0.613758491,0.659673996,0.55351652,0.726593922,0.525163932,0.445943456,0.756865885
17,tr_better,0.59329731,0.5118611,0.666625697,0.552476424,0.479982295,0.624384265,0.659747964,0.546152865,0.732060105,0.523892101,0.446601342,0.748998623
18,tr_better,0.593739384,0.510504282,0.664303755,0.552841163,0.475959034,0.607807091,0.659976901,0.542042116,0.73118203,0.521705354,0.444094779,0.735220809
19,tr_better,0.59380888,0.507067313,0.66455101,0.552411909,0.485826138,0.612832907,0.660586426,0.546307774,0.728540747,0.524939873,0.448311959,0.745605314
20,tr_better,0.593321016,0.510043007,0.665722552,0.552929313,0.498216891,0.603422408,0.659045355,0.544594455,0.72985121,0.527155142,0.447320177,0.766145453
21,tr_better,0.595564309,0.511388271,0.666666453,0.551481147,0.497508633,0.611239833,0.662639718,0.552303281,0.729445763,0.5271284,0.447988378,0.764541017
22,tr_better,0.594721699,0.511615612,0.667200886,0.553454798,0.48034668,0.598209223,0.659300323,0.54297814,0.728955447,0.522076537,0.446109989,0.741292887
23,tr_better,0.593782191,0.509338052,0.663824412,0.553497374,0.480428721,0.605127673,0.659484577,0.549906872,0.729425544,0.523445478,0.4461132,0.755149854
24,tr_better,0.592627498,0.510783599,0.666524039,0.55180211,0.485135021,0.630454898,0.659031897,0.542756721,0.729572867,0.52579501,0.446667179,0.757066608
25,tr_better,0.593802524,0.510803653,0.665417307,0.553549147,0.487012987,0.613918497,0.657038899,0.547405531,0.728211116,0.523208769,0.444920136,0.761097837
26,tr_better,0.594298366,0.510057253,0.667131623,0.552630846,0.493355384,0.615552192,0.659327311,0.545370392,0.729211467,0.523589308,0.448560933,0.743522548
27,tr_better,0.593063517,0.50839237,0.663903174,0.553092671,0.487896334,0.600028808,0.658168722,0.547801036,0.725708507,0.52424448,0.446507,0.755449519
28,tr_better,0.592283242,0.509443311,0.66466467,0.551912449,0.488574321,0.618561665,0.658157756,0.544710911,0.728200137,0.52493404,0.446765625,0.745500347
29,tr_better,0.593465574,0.506888872,0.666645141,0.553943349,0.4783485,0.628893805,0.659581862,0.543116952,0.728939764,0.52367622,0.445286412,0.753255219
30,tr_better,0.594036271,0.51242983,0.663722002,0.552853916,0.475756026,0.600737101,0.659768099,0.54664878,0.730554654,0.526248898,0.446533978,0.762438389
31,tr_better,0.593665509,0.509682485,0.663195459,0.552882699,0.492158166,0.613842619,0.65986982,0.548717633,0.730517802,0.52305324,0.447782232,0.738895096
32,tr_better,0.593190342,0.510790141,0.664963832,0.552576185,0.476760755,0.615784979,0.659120926,0.552169794,0.7285632,0.524677714,0.445659785,0.751117777
33,tr_better,0.593606505,0.509615827,0.665778141,0.553457184,0.486682805,0.595689749,0.660153441,0.544531093,0.730877565,0.522438141,0.449085384,0.745701399
34,tr_better,0.597324142,0.511129346,0.670814512,0.553611828,0.465028978,0.60806907,0.655644817,0.546556896,0.725668366,0.523851416,0.445711679,0.764148838
35,tr_better,0.594751382,0.511095448,0.664295117,0.552918248,0.467639495,0.605712596,0.659050436,0.543279721,0.727708454,0.522393827,0.445344976,0.753380421
36,tr_better,0.594752088,0.510031578,0.66636696,0.553378712,0.498776511,0.598545595,0.6587353,0.547945987,0.728743047,0.523951105,0.446319824,0.753060806
37,tr_better,0.593463243,0.50950997,0.667146521,0.551415572,0.472531365,0.597385075,0.659046751,0.543984396,0.730652179,0.526405499,0.447928919,0.760437585
38,tr_better,0.594221181,0.511657217,0.665581081,0.554149755,0.440266622,0.62849849,0.659661833,0.545345865,0.729122389,0.525204248,0.449139964,0.752678598
39,tr_better,0.592804594,0.505069853,0.664611801,0.552603367,0.475968154,0.599216069,0.659531506,0.546547426,0.728225064,0.525452448,0.447234211,0.75032961
40,tr_better,0.593451875,0.506578987,0.666320247,0.553678728,0.480388422,0.6238707,0.658806662,0.543034004,0.729497983,0.524202917,0.445809305,0.749778664
41,tr_better,0.593862277,0.509372496,0.665106186,0.553566574,0.493180077,0.611975613,0.659237367,0.545610159,0.729808073,0.524524541,0.445583711,0.755452084
42,tr_better,0.594739599,0.512341786,0.666500849,0.553778568,0.491369999,0.592335261,0.656403363,0.541340611,0.727290748,0.518638161,0.441356663,0.744954733
43,tr_better,0.594926238,0.509280721,0.666852533,0.554055559,0.489609928,0.613561407,0.659414749,0.548476857,0.729545235,0.524451844,0.445221028,0.753119139
44,tr_better,0.594414276,0.512534342,0.664984117,0.552851096,0.483591236,0.606869037,0.660002763,0.548480709,0.729472429,0.52444314,0.447254818,0.750064143
45,tr_better,0.593353517,0.511961311,0.66533945,0.553655357,0.485707605,0.623294794,0.659468535,0.550383648,0.730954689,0.526504985,0.448269094,0.762511494
46,tr_better,0.592877156,0.509333243,0.663431241,0.552271825,0.490377074,0.621738902,0.660828911,0.54842086,0.729502206,0.525397107,0.447294239,0.758055958
47,tr_better,0.594996631,0.510214004,0.666586157,0.553868743,0.469715731,0.619873901,0.658665374,0.546239043,0.729593483,0.523941359,0.447048512,0.755745224
48,tr_better,0.593455275,0.508559217,0.66714253,0.55354557,0.477130032,0.613642913,0.659746742,0.552035254,0.728195337,0.522186576,0.445600268,0.743687679
49,tr_better,0.595306553,0.51055192,0.666306368,0.55429179,0.50109026,0.621125359,0.659371855,0.551248323,0.730666163,0.523810429,0.44673505,0.748246758
50,tr_better,0.59446511,0.513179644,0.664935244,0.553562163,0.485766427,0.606350742,0.659075155,0.545812132,0.728093117,0.524213907,0.446065834,0.757137729
51,tr_better,0.593600107,0.508616025,0.665550618,0.55349258,0.505942726,0.609867065,0.659145814,0.548212159,0.727163126,0.525386864,0.447304775,0.751066922
52,tr_better,0.59451034,0.511931802,0.667383365,0.553953608,0.487042,0.615706157,0.660257758,0.545471721,0.731664411,0.52358862,0.447939489,0.747241874
53,tr_better,0.593706431,0.508846335,0.666418212,0.553927924,0.492194071,0.598274249,0.659399035,0.547699823,0.731002044,0.524165335,0.446509364,0.749654503
54,tr_better,0.593074861,0.510302815,0.665343914,0.553458919,0.452631387,0.620866513,0.66133592,0.546910109,0.730106368,0.523372575,0.446252741,0.755036952
55,tr_better,0.595450778,0.513181242,0.667509338,0.553870605,0.471922111,0.619067425,0.656627677,0.544256911,0.725431591,0.522403028,0.446967937,0.749125207
56,tr_better,0.590450512,0.504764469,0.661219254,0.551148487,0.498017437,0.622563927,0.656864524,0.540082949,0.727313478,0.525196027,0.445255865,0.754459959
57,tr_better,0.59344981,0.506411709,0.664115813,0.550196897,0.491902834,0.61267033,0.661711657,0.549247686,0.732169998,0.527611298,0.447740519,0.765256808
58,tr_better,0.5979142,0.511474622,0.667339819,0.553219532,0.491730495,0.612969777,0.658522054,0.550200945,0.727194631,0.520244851,0.443040084,0.752539743
59,tr_better,0.593423212,0.509611718,0.663149214,0.553200239,0.485670762,0.598295155,0.658915275,0.54980965,0.725557518,0.523965377,0.446892304,0.752964765
60,tr_better,0.5967094,0.511852115,0.667420639,0.553064784,0.467414948,0.604525019,0.659507202,0.543665976,0.731000269,0.525545395,0.446515568,0.756676041
61,tr_better,0.59444919,0.504686096,0.666995142,0.553851161,0.49765315,0.614170976,0.660331359,0.549780206,0.729356641,0.524235248,0.448509106,0.748850822
62,tr_better,0.589964973,0.504438338,0.663157753,0.549938106,0.490621253,0.617587052,0.660472791,0.547359025,0.731515993,0.528128161,0.449308565,0.762484379
63,tr_better,0.595328622,0.514065892,0.666421462,0.55470176,0.480452153,0.606814935,0.658698962,0.544545423,0.730989626,0.522553086,0.444991152,0.750340851
64,tr_better,0.593840978,0.509920608,0.665733045,0.552145429,0.489191839,0.61952843,0.661380347,0.549262719,0.730058024,0.524836189,0.445630785,0.746251259
65,tr_better,0.59423583,0.513294179,0.663900841,0.554018119,0.487146645,0.611349455,0.658969459,0.543487132,0.728480002,0.524370171,0.446358694,0.756623865
66,tr_better,0.593737427,0.510943898,0.666225435,0.552791579,0.488459532,0.597887793,0.654840897,0.543672071,0.727168855,0.522001572,0.444616176,0.76099054
67,tr_better,0.594499847,0.511453542,0.667329799,0.554419522,0.493952151,0.612588137,0.659225384,0.540914545,0.729887101,0.524788568,0.448515986,0.753746629
68,tr_better,0.594521924,0.51106395,0.663410855,0.554175705,0.482520301,0.634568525,0.659622682,0.550124215,0.729084147,0.522981611,0.446550772,0.753522993
69,tr_better,0.593841562,0.507236971,0.665391257,0.553106938,0.481689408,0.613315174,0.660940278,0.545041603,0.729290388,0.524544925,0.445936489,0.753452395
70,tr_better,0.594493766,0.509634284,0.666010968,0.554861739,0.491064936,0.608542108,0.660145766,0.549818124,0.730783865,0.523473931,0.446008682,0.754594368
71,tr_better,0.594500521,0.51109116,0.667892017,0.554910643,0.497915672,0.608313442,0.660713895,0.550561174,0.732109333,0.524589654,0.445847797,0.753064666
72,tr_better,0.590588158,0.507378754,0.662713857,0.550832922,0.492226483,0.610586179,0.659778688,0.547105443,0.730834711,0.526673785,0.448850068,0.75572589
73,tr_better,0.59530471,0.512147548,0.668059834,0.553990343,0.482651328,0.629394143,0.659627913,0.54629853,0.728405277,0.524754956,0.446285865,0.750330408
74,tr_better,0.594062446,0.511742693,0.666831156,0.554050087,0.503006634,0.609994167,0.659827761,0.544079869,0.731341607,0.52423674,0.447683514,0.753937686
75,tr_better,0.595363151,0.510136347,0.666294031,0.553448172,0.490603732,0.599070154,0.659562165,0.543842672,0.732708154,0.524065847,0.445459032,0.761462336
76,tr_better,0.592653697,0.508032276,0.663323162,0.552603638,0.476065153,0.611487008,0.660071573,0.544773156,0.730359523,0.525456332,0.447062858,0.746551117
77,tr_better,0.593614211,0.508789489,0.664820319,0.553818225,0.492034199,0.606083106,0.658641595,0.543385638,0.729773121,0.523567124,0.4465098,0.744590338
78,tr_better,0.593945834,0.51232644,0.663367966,0.552435144,0.495624183,0.638782685,0.660117089,0.547934903,0.73024087,0.525739597,0.446016046,0.753251457
79,tr_better,0.5947621,0.511008675,0.665529885,0.55449258,0.468176516,0.63812973,0.659632934,0.550269229,0.727617727,0.525552791,0.447091678,0.756016002
80,tr_better,0.593124781,0.507230025,0.664474879,0.553017709,0.494244243,0.608892507,0.660140001,0.543508799,0.729955955,0.524354044,0.446487631,0.752185239
81,tr_better,0.592411609,0.509886635,0.665225652,0.552589895,0.487750355,0.608335132,0.659741598,0.547641234,0.731409363,0.526088165,0.446791735,0.761040985
82,tr_better,0.593099272,0.50864892,0.667015831,0.552096003,0.487310272,0.600125794,0.66050648,0.546768158,0.728832908,0.526105269,0.446991935,0.753099876
83,tr_better,0.593765157,0.511259153,0.666191996,0.553662152,0.476084932,0.609736913,0.659432002,0.547298769,0.729101109,0.523662258,0.445772421,0.748607456
84,tr_better,0.595077244,0.511045359,0.666768096,0.553762611,0.486469414,0.611454895,0.657812386,0.547662012,0.727271209,0.522893074,0.445552572,0.753910677
85,tr_better,0.59726024,0.51228225,0.669772697,0.553876005,0.46417723,0.61955262,0.657104407,0.540612416,0.727410519,0.52107216,0.442177539,0.75035674
86,tr_better,0.588894939,0.503525683,0.660320566,0.548590817,0.475935287,0.589435058,0.661139554,0.54798963,0.730547739,0.527962096,0.447816394,0.76232989
87,tr_better,0.58829081,0.505545719,0.661642182,0.547880796,0.494220924,0.613384021,0.659201876,0.543966739,0.73028199,0.529898158,0.450533825,0.762028447
88,tr_better,0.594658086,0.510532341,0.666913177,0.553805621,0.500692942,0.60783803,0.659429411,0.545449424,0.727872632,0.524415753,0.447970202,0.748149372
89,tr_better,0.595443817,0.511385476,0.667889451,0.553559845,0.495428179,0.61320599,0.653092164,0.54020701,0.722571856,0.522483273,0.445641431,0.74959864
90,tr_better,0.5925495,0.512995859,0.663507446,0.552910915,0.483721217,0.615808386,0.659940021,0.542897623,0.727249739,0.525291986,0.446687961,0.758773411
91,tr_better,0.585107027,0.499394293,0.658734212,0.538655915,0.489022528,0.585759819,0.667154384,0.550696218,0.737823616,0.533105284,0.453336262,0.762216889
92,tr_better,0.585482706,0.499278562,0.658930318,0.545890274,0.459452842,0.611660444,0.659121288,0.545640332,0.729148531,0.527915612,0.448941073,0.754184879
93,tr_better,0.591708853,0.507883021,0.662519162,0.551783637,0.480870008,0.606801277,0.65942063,0.54765738,0.728929867,0.525709488,0.448068161,0.753464664
94,tr_better,0.592323575,0.507570673,0.663891327,0.551776138,0.489495373,0.596037601,0.658987548,0.545322962,0.729745025,0.524792331,0.446255897,0.748934812
95,tr_better,0.590903782,0.509107458,0.661623135,0.55058589,0.49686437,0.600533872,0.660211933,0.54594948,0.729555801,0.526429884,0.449128005,0.751905799
96,tr_better,0.587500017,0.501718435,0.662859033,0.546805949,0.488818876,0.599551696,0.660529097,0.54221393,0.729094944,0.526823651,0.449321227,0.744410779
97,tr_better,0.588309345,0.503028121,0.662386476,0.549294255,0.470335622,0.612675542,0.656856959,0.539505585,0.72703823,0.525406166,0.447541252,0.755537943
98,tr_better,0.588038996,0.50558084,0.661153904,0.547989839,0.489143201,0.610114798,0.654759079,0.542013925,0.72400806,0.525195727,0.448806991,0.757983498
99,tr_better,0.588574683,0.504267833,0.660549924,0.549068117,0.466557066,0.601520124,0.654865472,0.546073999,0.723082167,0.52523352,0.449110742,0.751388342
100,tr_better,0.584207486,0.500215633,0.6574161,0.544547932,0.484891675,0.609480007,0.659559586,0.540423739,0.729388844,0.527904588,0.450767774,0.752479711
101,tr_better,0.593352629,0.510968141,0.663622898,0.552987997,0.477278575,0.606711591,0.659396269,0.548554248,0.728228287,0.523850747,0.4454437,0.752529379
102,tr_better,0.593499614,0.50776565,0.666194179,0.552625439,0.448199401,0.608292996,0.659257029,0.550393844,0.726714604,0.524383302,0.445309764,0.752762223
103,tr_better,0.592529379,0.508614679,0.665034252,0.5529281,0.503689235,0.616374621,0.659996306,0.546968934,0.730390036,0.523163754,0.445965268,0.74585718
104,tr_better,0.591932206,0.507313727,0.664107044,0.552452982,0.458102131,0.619283345,0.657731198,0.542803946,0.727650567,0.524299545,0.446530994,0.751920757
105,tr_better,0.593491317,0.510892405,0.665888028,0.552644255,0.489235849,0.612509775,0.658376233,0.550413437,0.730126993,0.524182232,0.448300976,0.752187409
106,tr_better,0.592240663,0.508888923,0.664106971,0.551999071,0.480746271,0.614499783,0.658827479,0.544453771,0.728132354,0.522585511,0.447925509,0.749708362
107,tr_better,0.593845781,0.510235675,0.666175749,0.552879608,0.486073307,0.60445458,0.659435539,0.549211297,0.729331814,0.525317163,0.445756908,0.760161077
108,tr_better,0.592682295,0.509768929,0.664615102,0.552183876,0.508027758,0.61615602,0.659142899,0.546278248,0.728800951,0.524268722,0.446089532,0.760555898
109,tr_better,0.593923924,0.512590924,0.664678764,0.55289328,0.492098023,0.599001994,0.659296132,0.549700332,0.728531704,0.52327432,0.446535959,0.737631694
110,tr_better,0.594289178,0.51071094,0.667082771,0.552241537,0.488146697,0.612975463,0.659708154,0.542656407,0.73017829,0.525774182,0.449227137,0.756641102
111,tr_better,0.594671676,0.508939478,0.666582852,0.552108087,0.481020974,0.64324042,0.659965818,0.543093623,0.730052975,0.524241337,0.446977316,0.758062707
112,tr_better,0.594514287,0.51049637,0.665020927,0.55241697,0.49827634,0.60278792,0.660404385,0.545585226,0.732523594,0.524927806,0.448066422,0.74574173
113,tr_better,0.594210419,0.511374923,0.666889026,0.55226297,0.490101373,0.625615507,0.660728093,0.547645708,0.729756051,0.52343039,0.447197319,0.740001133
114,tr_better,0.5940462,0.509850166,0.667524605,0.552303359,0.477049726,0.617490965,0.660114471,0.550012277,0.731523872,0.524046487,0.446685684,0.754884958
115,tr_better,0.591839498,0.508736521,0.663660108,0.550729973,0.49019673,0.615020683,0.660435744,0.54976486,0.727436879,0.525871361,0.448747523,0.751028775
116,tr_better,0.595471024,0.513943473,0.667050043,0.551479601,0.488524292,0.623043537,0.660374493,0.5416824,0.731918898,0.525236003,0.447752961,0.762603361
117,tr_better,0.594324184,0.511568591,0.665693018,0.553029726,0.501384896,0.617672333,0.660852736,0.546209173,0.731020662,0.523367262,0.443305812,0.754797461
118,tr_better,0.592443598,0.50766717,0.662988299,0.551459438,0.47700644,0.607705283,0.658932479,0.546900465,0.729958792,0.525301779,0.448274986,0.758332006
119,tr_better,0.592487063,0.509631934,0.663727422,0.550802459,0.474752818,0.600425963,0.6599473,0.545645126,0.728080507,0.527323324,0.449886624,0.764006188
120,tr_better,0.594537583,0.511103601,0.668289907,0.550665703,0.469445637,0.615264037,0.661972448,0.546944799,0.733389686,0.524379225,0.447690804,0.752239762
121,tr_better,0.592079988,0.507758011,0.66261797,0.552485123,0.486654065,0.605836426,0.658085574,0.545117462,0.725924335,0.524023653,0.447405269,0.749863702
122,tr_better,0.593504588,0.509590414,0.664546717,0.552763256,0.495056685,0.597148039,0.659562818,0.54655486,0.729895505,0.525524267,0.445518273,0.759938825
123,tr_better,0.592651725,0.509663926,0.664878121,0.55299432,0.497175575,0.609148201,0.659162568,0.544340565,0.728595623,0.52502836,0.448068369,0.751071211
124,tr_better,0.605052928,0.523678107,0.676180789,0.552552743,0.470423462,0.61055896,0.657090123,0.547132463,0.725978661,0.519428905,0.442227153,0.75214759
125,tr_better,0.593614154,0.506450555,0.664287193,0.553124979,0.466432958,0.610558908,0.657994646,0.542965052,0.728509614,0.524120481,0.44693423,0.742646303
126,tr_better,0.591438472,0.508537193,0.66397203,0.552380133,0.498424538,0.625262755,0.659047909,0.544705493,0.731048996,0.526332769,0.448848457,0.763209878
127,tr_better,0.593667796,0.508378881,0.666529928,0.553517125,0.499810619,0.611372991,0.659095631,0.546758942,0.728531143,0.523472543,0.447247585,0.747616485
128,tr_better,0.591786726,0.510784101,0.663970484,0.551917724,0.490247245,0.604626073,0.658963767,0.547257755,0.729972537,0.525363163,0.448662732,0.756121852
129,tr_better,0.593096576,0.508377266,0.66569104,0.553244362,0.465124877,0.612172451,0.658134617,0.543731113,0.728007532,0.523851644,0.447027823,0.750706701
130,tr_better,0.592873267,0.507241021,0.663702705,0.550155778,0.467327453,0.610874975,0.661907656,0.551139178,0.734693628,0.525943924,0.447586877,0.747698457
131,tr_better,0.594321817,0.516028894,0.66422057,0.554684722,0.489944857,0.6410711,0.661855318,0.548537903,0.730788698,0.525271025,0.447595249,0.755406442
132,tr_better,0.597054271,0.51442247,0.668233157,0.554222334,0.46702772,0.593299588,0.654735966,0.545175581,0.725482342,0.518206394,0.442367136,0.747732437
133,tr_better,0.593151765,0.507121196,0.665612244,0.551750016,0.478379783,0.618347085,0.649565705,0.539154428,0.717999122,0.518368306,0.441791805,0.752904624
134,tr_better,0.599510807,0.51614322,0.673424168,0.553344355,0.468283109,0.614301455,0.656299344,0.544118615,0.723699048,0.520998924,0.443619235,0.756573244
135,tr_better,0.601557911,0.517464043,0.670852748,0.553711158,0.480424206,0.615633289,0.649624937,0.540309048,0.718368279,0.516697232,0.440213887,0.735089701
136,tr_better,0.594985022,0.514209455,0.667495252,0.553514416,0.49151563,0.622650451,0.657925069,0.546135606,0.728826736,0.522169758,0.444598403,0.757780967
137,tr_better,0.593962453,0.5103365,0.664713325,0.553428783,0.477490568,0.611613142,0.658332818,0.547527437,0.725166698,0.525105587,0.447373067,0.753105457
138,tr_better,0.595787528,0.51473251,0.664476724,0.554134978,0.477299474,0.618941006,0.654221744,0.539526567,0.7247829,0.520248004,0.44344871,0.746270821
139,tr_better,0.59509298,0.512586045,0.664327503,0.553770511,0.491753912,0.595384857,0.659067595,0.547817339,0.727131794,0.523378784,0.446322991,0.749710768
140,tr_better,0.593770992,0.508147466,0.666919181,0.553114172,0.49638883,0.615455543,0.656694682,0.543567178,0.728049283,0.522730299,0.444672986,0.748358356
141,tr_better,0.595694101,0.512762698,0.667553593,0.553518994,0.48637479,0.608715099,0.655978447,0.544205107,0.725637222,0.51908015,0.443107269,0.745255965
142,tr_better,0.594163382,0.507275572,0.666123914,0.553731343,0.482022727,0.598352346,0.657212901,0.549346429,0.730016601,0.520433708,0.444420477,0.751076245
143,tr_better,0.59857533,0.516051139,0.669290312,0.553313272,0.471139338,0.611197207,0.658761914,0.547330868,0.726683596,0.522334137,0.444622383,0.748852991
144,tr_better,0.591418397,0.50651166,0.663941654,0.552700621,0.472197906,0.614594275,0.660317614,0.551518992,0.729511556,0.525081209,0.44835594,0.746409613
145,tr_better,0.593302391,0.510252459,0.666103914,0.553145225,0.484601249,0.612652612,0.657153766,0.545213298,0.728457941,0.523374248,0.445135657,0.748885664
146,tr_better,0.595542496,0.510969042,0.665562398,0.555375358,0.481308494,0.611405438,0.658518682,0.544075083,0.727387639,0.518677462,0.445602359,0.756639679
147,tr_better,0.596960834,0.511292354,0.666597605,0.554247451,0.490094298,0.616453791,0.659196702,0.542216348,0.731897542,0.523200323,0.446136809,0.741371018
148,tr_better,0.593475383,0.505953499,0.665605401,0.553297338,0.481723527,0.615996078,0.660420888,0.543430777,0.731992537,0.523668411,0.448226001,0.741474941
149,tr_better,0.594099754,0.510115382,0.66547784,0.553737097,0.492651805,0.599893692,0.66025863,0.548712279,0.730034521,0.524559993,0.445250451,0.75950395
150,tr_better,0.595681211,0.512547527,0.666126458,0.5541433,0.469418355,0.605231615,0.658179071,0.545348847,0.727581444,0.523439732,0.44496598,0.757198522
151,tr_better,0.595369079,0.511437098,0.667091608,0.55493558,0.489927813,0.608904515,0.660360507,0.546716121,0.728924997,0.524204979,0.446312372,0.750191482
152,tr_better,0.594258612,0.510912878,0.664545512,0.554804538,0.503636972,0.602287577,0.657779147,0.546620139,0.724525818,0.520573831,0.443768953,0.746944558
153,tr_better,0.593836877,0.511162468,0.66571527,0.555008313,0.475872108,0.611162324,0.659823982,0.544468254,0.729301341,0.523246917,0.447081966,0.750209343
154,tr_better,0.592884472,0.508389586,0.662491472,0.552138936,0.487035389,0.61965983,0.659757257,0.548431897,0.73128645,0.524759417,0.447780232,0.74548599
155,tr_better,0.594719882,0.510665573,0.665881518,0.554351902,0.4980793,0.619719349,0.65900511,0.544741835,0.7282827,0.523548112,0.447306126,0.745670253
156,tr_better,0.594124314,0.510528785,0.663921117,0.553460903,0.483263222,0.636483381,0.658329443,0.543347197,0.729237377,0.524174029,0.447643253,0.74793983
157,tr_better,0.592900966,0.506795525,0.665858128,0.553863204,0.500655867,0.601787598,0.660136891,0.549137453,0.728571885,0.524982553,0.447847305,0.754232741
158,tr_better,0.593202497,0.508174611,0.667210663,0.553857629,0.496807431,0.619416098,0.658687938,0.547268741,0.727075496,0.523819728,0.446460053,0.751978013
159,tr_better,0.593491025,0.508561526,0.665922876,0.553486864,0.478423337,0.621394186,0.658291717,0.546976731,0.726369424,0.523816885,0.446457991,0.742803809
160,tr_better,0.595567761,0.510975286,0.666591171,0.552353761,0.499529871,0.623039624,0.661136651,0.546833998,0.728375697,0.524952428,0.44681053,0.747594774
161,tr_better,0.594653237,0.512122984,0.666355471,0.553684692,0.481217731,0.608096128,0.65698255,0.545560479,0.727145703,0.523042366,0.443615059,0.754873492
162,tr_better,0.593295648,0.50780565,0.665540596,0.553574377,0.475479057,0.626396676,0.658526832,0.545642882,0.72667829,0.523673072,0.447726783,0.752632921
163,tr_better,0.593304602,0.509284895,0.667226134,0.553789083,0.495194872,0.600377564,0.658681441,0.545686048,0.728807699,0.523457905,0.448045442,0.749251106
164,tr_better,0.593317846,0.510396031,0.666951724,0.552967053,0.496189791,0.594171946,0.66094165,0.551137473,0.732636623,0.525590704,0.447661068,0.753304456
165,tr_better,0.595310006,0.509598221,0.667640617,0.55252009,0.492195308,0.616132856,0.661086526,0.548423722,0.733096042,0.524331167,0.446515549,0.754314558
166,tr_better,0.593568197,0.509982801,0.665198328,0.554564828,0.463726737,0.603983789,0.66036799,0.547052476,0.730696931,0.524475825,0.447546664,0.755579782
167,tr_better,0.594863371,0.509396339,0.668915781,0.554408646,0.47361484,0.615643892,0.659895589,0.545076284,0.730441363,0.522648771,0.443789294,0.744316828
168,tr_better,0.590844678,0.504377443,0.661933318,0.550920388,0.502403565,0.596268437,0.660928973,0.546669377,0.729138369,0.52506371,0.449669429,0.751586495
169,tr_better,0.594643651,0.508985154,0.66602513,0.554064834,0.455787468,0.607460335,0.659416728,0.549763236,0.730220266,0.523843164,0.446154664,0.755817415
170,tr_better,0.594561899,0.509426125,0.665541014,0.554334439,0.487009533,0.606909106,0.66126328,0.552719524,0.731351539,0.52419698,0.446101122,0.753908567
171,tr_better,0.594624489,0.512744772,0.667154359,0.5537889,0.494702815,0.60286914,0.659423291,0.547149919,0.72793474,0.523531498,0.445395897,0.749447045
172,tr_better,0.595802009,0.511560577,0.668159003,0.553322294,0.501147123,0.61649249,0.661697985,0.549639477,0.730906756,0.525303062,0.446568651,0.753768784
173,tr_better,0.594767295,0.512691035,0.665952014,0.55385508,0.488508879,0.612963044,0.65909001,0.543546357,0.730986905,0.522995028,0.446010254,0.752218014
174,tr_better,0.593966521,0.510350158,0.668660608,0.553939534,0.481993641,0.599652327,0.659848233,0.545582359,0.728634173,0.523937852,0.444506961,0.757298886
175,tr_better,0.594272172,0.510770218,0.666032398,0.553325676,0.481128979,0.61947658,0.659106585,0.544694401,0.730065086,0.52288862,0.447213103,0.75599279
176,tr_better,0.595325843,0.513215779,0.668579817,0.553697297,0.500326496,0.61529645,0.659751921,0.550713213,0.729960574,0.525992925,0.447559267,0.754364116
177,tr_better,0.594784846,0.511571388,0.665754093,0.553353663,0.503335527,0.614943011,0.659448547,0.542698966,0.727498889,0.524948153,0.450079904,0.745291701
178,tr_better,0.595144469,0.513837533,0.66532365,0.553755667,0.480383417,0.602082599,0.660599846,0.545818856,0.73063256,0.524451368,0.447493744,0.747777615
179,tr_better,0.595437134,0.509489512,0.664343358,0.554129437,0.490519148,0.617753708,0.660219136,0.550920732,0.729125437,0.525277647,0.447520878,0.760078438
180,tr_better,0.593212047,0.509662117,0.664534373,0.553249411,0.477651186,0.598732594,0.659001262,0.546629619,0.728627329,0.523674401,0.443567929,0.75890631
181,tr_better,0.594015409,0.509698241,0.666264859,0.554013546,0.501995791,0.617376316,0.659736877,0.542128289,0.727726516,0.525746543,0.446738432,0.758777687
182,tr_better,0.594824735,0.512368299,0.667190617,0.553879414,0.478809146,0.624347103,0.659430516,0.545692235,0.729902826,0.524735203,0.448346385,0.749627717
183,tr_better,0.58761128,0.50105919,0.659209561,0.548450148,0.479160732,0.594423925,0.659927017,0.547746381,0.731214107,0.526573337,0.44717407,0.760748042
184,tr_better,0.593093046,0.508972525,0.665436538,0.553184133,0.489366238,0.602797354,0.657927139,0.543883211,0.726945516,0.524063805,0.446728371,0.753242442
185,tr_better,0.59155775,0.504913346,0.663794157,0.5516166,0.477568487,0.620112775,0.658403111,0.547158982,0.727617851,0.524601254,0.44808147,0.750735198
186,tr_better,0.591095994,0.509731392,0.663134646,0.551292404,0.461006675,0.607606311,0.660343772,0.550665057,0.731048996,0.527397344,0.447592501,0.756981754
187,tr_better,0.592243862,0.506655513,0.665471592,0.552205101,0.486961205,0.595515725,0.658999061,0.54695482,0.730081139,0.524791732,0.447695006,0.75138532
188,tr_better,0.591047194,0.509807559,0.661215273,0.551116032,0.479202826,0.614853258,0.656191715,0.543097145,0.727101073,0.523510667,0.44751032,0.743579421
189,tr_better,0.594234772,0.510753893,0.666913272,0.553921516,0.498473984,0.602724399,0.660115212,0.550362931,0.729784396,0.525636794,0.446937522,0.757005247
190,tr_better,0.594452516,0.514881251,0.665612487,0.556604012,0.499681654,0.611083058,0.661427389,0.588518967,0.728491797,0.519980608,0.446825417,0.649989076
191,tr_better,0.591221683,0.50880552,0.661016832,0.551146397,0.485802547,0.620977756,0.658341723,0.547660865,0.727774202,0.524328466,0.446414459,0.749243242
192,tr_better,0.590866455,0.5063056,0.663678238,0.550741414,0.495183779,0.606806807,0.658684092,0.547793481,0.729155044,0.52615569,0.447605574,0.752890992
193,tr_better,0.587451256,0.501538868,0.659539332,0.548179677,0.49258027,0.618996902,0.659472212,0.541201792,0.728940901,0.526565479,0.449169915,0.751598782
194,tr_better,0.59375147,0.513556284,0.663025929,0.555454864,0.482452125,0.611467392,0.662013176,0.590124784,0.731254636,0.519810499,0.44482945,0.643495071
195,tr_better,0.594817354,0.511300126,0.666015832,0.551901511,0.48642527,0.606975358,0.661181654,0.544094437,0.733746439,0.525240536,0.448139318,0.750544716
196,tr_better,0.587885906,0.498880035,0.661414387,0.546485169,0.472682885,0.598654272,0.662462725,0.544166983,0.731635266,0.527659449,0.450910398,0.742131439
197,tr_better,0.588624083,0.503692872,0.659538717,0.547857177,0.458938655,0.597427013,0.659439783,0.545631705,0.72974984,0.527845275,0.447735755,0.754278797
198,tr_better,0.588685979,0.502405537,0.659609231,0.55023811,0.487644983,0.612675922,0.658850691,0.548525328,0.727038997,0.525353216,0.448461963,0.757504747
199,tr_better,0.587348386,0.504551296,0.659217404,0.548505159,0.455125257,0.612877733,0.648330738,0.536949668,0.717477779,0.522357894,0.446519471,0.752206703
200,tr_better,0.584988098,0.500821692,0.65788457,0.546658837,0.463745671,0.603996232,0.654924645,0.542133742,0.723007757,0.524563597,0.448800629,0.743774256
